401,Mata,Kneebone,mkneeboneb4@facebook.com,7 Everett Parkway,Washington,DC,20535,747-55-4923,1994-12-25
402,Giana,O'Hederscoll,gohederscollb5@posterous.com,55 Carberry Drive,Philadelphia,PA,19160,751-63-4580,1986-09-18
403,Gian,Leighfield,gleighfieldb6@nydailynews.com,72 Corscot Junction,Nashville,TN,37240,577-59-9915,1981-09-29
404,Arthur,Clancey,aclanceyb7@sakura.ne.jp,5597 Sutteridge Pass,Anderson,IN,46015,497-37-5389,1999-11-04
405,Chiquita,Royce,croyceb8@naver.com,596 Haas Place,Lubbock,TX,79405,427-69-2148,1989-02-07
406,Petunia,Vevers,pveversb9@nature.com,15 Merchant Avenue,Salem,OR,97312,459-53-3306,1988-07-23
407,Mathian,Wickes,mwickesba@godaddy.com,0950 Kensington Park,Chicago,IL,60619,386-02-3098,1987-12-04
408,Marybeth,Domb,mdombbb@aboutads.info,39 Ilene Avenue,Santa Ana,CA,92705,593-12-9740,1983-07-03
409,Ameline,Staniford,astanifordbc@jimdo.com,433 Nelson Plaza,Washington,DC,20215,119-93-6105,1996-06-28
410,Ty,Muncaster,tmuncasterbd@unesco.org,3 Becker Lane,San Rafael,CA,94913,537-57-9457,1983-11-03
411,Sadie,Gair,sgairbe@blogspot.com,789 7th Place,Tampa,FL,33680,418-51-2559,1996-10-15
412,Vikki,Manifield,vmanifieldbf@ocn.ne.jp,711 Main Avenue,Houston,TX,77240,399-70-4208,1989-04-20
413,Katine,Alten,kaltenbg@epa.gov,42781 Macpherson Alley,Nashville,TN,37235,740-65-0545,1994-10-23
414,Carine,Cannicott,ccannicottbh@upenn.edu,84 Carpenter Avenue,Phoenix,AZ,85099,843-17-1947,1982-07-07
415,Care,Teasell,cteasellbi@gov.uk,8541 Mandrake Park,Conroe,TX,77305,698-82-2476,1986-08-27
416,Mimi,Gawthrope,mgawthropebj@bizjournals.com,55 Truax Way,Charlotte,NC,28284,877-53-4596,1987-10-12
417,Jaclyn,Kingswoode,jkingswoodebk@intel.com,54582 Scofield Crossing,Birmingham,AL,35210,521-91-2313,1993-07-14
418,Lazare,Emons,lemonsbl@wiley.com,9312 Di Loreto Junction,Salt Lake City,UT,84140,482-64-1113,1998-02-25
419,Tamara,Polet,tpoletbm@wordpress.org,5608 Hansons Hill,Knoxville,TN,37939,360-71-8447,1984-03-02
420,Oliver,Freund,ofreundbn@topsy.com,7666 Susan Road,Knoxville,TN,37919,188-16-1858,1999-12-09
421,Selestina,Izen,sizenbo@google.co.uk,864 Loeprich Drive,Washington,DC,20205,130-52-8040,1984-01-05
422,Livvyy,Jacox,ljacoxbp@time.com,42682 Del Sol Crossing,Cambridge,MA,02142,813-68-6587,1994-09-24
423,Farrah,Scholcroft,fscholcroftbq@dmoz.org,783 Derek Crossing,Saint Paul,MN,55115,531-60-3003,1991-09-19
424,Blithe,Wornum,bwornumbr@angelfire.com,04377 Spohn Crossing,Portland,OR,97229,332-30-0107,1982-02-17
425,Conney,Bines,cbinesbs@umich.edu,62 Aberg Way,Sacramento,CA,94245,241-49-3420,1986-12-12
426,Kalvin,Rowbotham,krowbothambt@tinyurl.com,31 Waubesa Lane,Richmond,VA,23289,431-09-4265,1994-06-30
427,Brennan,Bunten,bbuntenbu@github.com,553 Meadow Valley Street,Wilmington,DE,19892,352-32-6482,1984-04-24
428,Tomi,Dayne,tdaynebv@howstuffworks.com,878 Center Hill,Saint Louis,MO,63169,155-08-3331,1991-10-05
429,Solly,Anthill,santhillbw@europa.eu,504 Fisk Street,Miami,FL,33233,678-65-4944,1985-09-09
430,Mack,Verzey,mverzeybx@mlb.com,694 Crowley Park,Pasadena,CA,91103,388-81-7906,1984-08-07
431,Robbi,Rubberts,rrubbertsby@123-reg.co.uk,765 Mcguire Way,Lake Charles,LA,70607,157-72-6175,1983-05-20
432,Glynn,Bettley,gbettleybz@ucsd.edu,63146 Nelson Junction,Visalia,CA,93291,634-53-8982,1984-04-23
433,Kacie,Valder,kvalderc0@is.gd,6 Express Circle,Omaha,NE,68117,286-64-2715,1980-06-29
434,Onida,Jozaitis,ojozaitisc1@themeforest.net,8973 Village Court,Young America,MN,55573,584-98-9711,1982-12-12
435,Gerhardine,Flude,gfludec2@adobe.com,3948 Anzinger Terrace,Washington,DC,20210,781-68-8052,1998-04-22
436,Marcy,Konzel,mkonzelc3@google.es,84571 Lotheville Center,Las Vegas,NV,89115,879-32-6447,1988-06-20
437,Taryn,Rumke,trumkec4@stanford.edu,20105 Summit Place,San Antonio,TX,78225,489-57-2802,1984-05-21
438,Sayres,Bickell,sbickellc5@noaa.gov,4 Jenna Way,Washington,DC,20244,733-94-3321,1988-01-25
439,Kerry,Dik,kdikc6@wiley.com,112 Westend Terrace,Montgomery,AL,36114,835-32-9225,1997-12-13
440,Powell,Fripps,pfrippsc7@uiuc.edu,45 Melby Circle,Anchorage,AK,99507,366-52-0302,1982-01-31
441,Mill,Blucher,mblucherc8@ezinearticles.com,61124 Michigan Crossing,Fresno,CA,93778,679-57-7635,1988-10-18
442,Andy,Matyushonok,amatyushonokc9@over-blog.com,14656 High Crossing Park,Philadelphia,PA,19160,392-50-5072,1980-07-04
443,Lori,Ginnaly,lginnalyca@indiatimes.com,5957 Clyde Gallagher Drive,Knoxville,TN,37995,319-23-8015,1982-09-10
444,Thacher,Lanchester,tlanchestercb@google.cn,64 Mariners Cove Lane,Charleston,SC,29424,259-35-4794,1988-10-11
445,Cordy,Solomon,csolomoncc@yellowpages.com,527 Maple Wood Parkway,San Diego,CA,92105,235-77-9522,1982-12-13
446,Bucky,Dummett,bdummettcd@tripadvisor.com,84 Oriole Crossing,New Hyde Park,NY,11044,459-15-2933,1993-01-06
447,Gordon,Gutridge,ggutridgece@xinhuanet.com,100 Corry Crossing,Wilkes Barre,PA,18706,733-18-5053,1997-11-29
448,Charisse,Crennell,ccrennellcf@independent.co.uk,362 Corben Court,Dallas,TX,75310,172-83-5562,1989-11-03
449,Marillin,Jacques,mjacquescg@spiegel.de,192 Sachs Terrace,Canton,OH,44760,661-88-5262,1982-06-03
450,Rochester,Davidow,rdavidowch@pinterest.com,87117 Lawn Alley,Houston,TX,77206,690-98-6715,2000-04-30
