Email_Id,first_name,last_name,email,Address,City,State,Zip,SSN,Birthdate,Part
1,Stephani,Boone,sboone0@globo.com,79 Montana Plaza,Oklahoma City,OK,73119,142-74-7590,1984-09-01,1
2,Corette,Brilon,cbrilon1@independent.co.uk,22499 New Castle Junction,Boston,MA,02163,686-92-0365,1986-09-19,1
3,Peggie,Gittus,pgittus2@deliciousdays.com,8 Drewry Junction,Virginia Beach,VA,23454,125-07-9944,1997-02-15,1
4,Leroi,Margett,lmargett3@apple.Org,4 Porter Drive,Chicago,IL,60630,712-19-7275,2000-05-22,1
5,Nelle,Paull,npaull4@ebay.co.uk,12 Rowland Street,Norcross,GA,30092,275-54-5660,1987-03-03,1
6,Ari,McHale,amchale5@jimdo.com,28073 Kingsford Parkway,Alhambra,CA,91841,412-92-8045,1991-08-18,1
7,Barclay,Elston,belston6@cisco.com,620 Carioca Road,Mobile,AL,36622,468-91-3932,1997-11-21,1
8,Riva,Manders,rmanders7@over-blog.com,47 Kinsman Park,Omaha,NE,68124,827-28-5764,1991-07-05,1
9,Breanne,Menier,bmenier8@buzzfeed.com,94 Buhler Alley,Omaha,NE,68134,707-01-5232,1997-04-14,1
10,Fonsie,Mordue,fmordue9@g.co,8631 Thompson Hill,Wilkes Barre,PA,18706,511-37-9932,1986-09-10,1
11,Lauri,Geist,lgeista@facebook.com,48116 Huxley Place,Wichita,KS,67236,465-16-2084,2000-05-11,1
12,Revkah,Coo,rcoob@yahoo.com,256 Kennedy Plaza,Wichita Falls,TX,76305,789-01-9707,1990-12-16,1
13,Abigael,Celier,acelierc@amazon.com,19 Hoffman Crossing,Galveston,TX,77554,234-48-3658,1991-09-24,1
14,Adrien,Kliche,akliched@etsy.com,66 Browning Lane,Portland,OR,97229,875-02-8696,1996-09-23,1
15,Alain,Ronchi,aronchie@google.co.uk,9 Claremont Hill,Lexington,KY,40581,461-26-6775,1993-08-17,1
16,Lulita,Murty,lmurtyf@mtv.com,48 Anniversary Place,Huntington,WV,25716,441-65-6751,1988-03-15,1
17,Townie,Knibbs,tknibbsg@soundcloud.com,158 Ryan Street,Newport News,VA,23605,669-55-4393,1980-10-15,1
18,Allegra,Hadlow,ahadlowh@pinterest.com,18632 Grasskamp Circle,Los Angeles,CA,90005,526-51-2142,1984-01-11,1
19,Fernando,Filov,ffilovi@slideshare.net,03 Maywood Crossing,Washington,DC,20260,716-99-9938,1991-01-27,1
20,Ashton,Spellicy,aspellicyj@instagram.com,9 Union Place,Tampa,FL,33647,432-38-3549,1984-10-22,1
21,Jodi,Goodreid,jgoodreidk@loc.gov,98856 Haas Way,Springfield,VA,22156,159-73-3765,1987-04-03,1
22,Tedda,Tullett,ttullettl@1und1.de,83093 Pine View Hill,Detroit,MI,48224,691-17-6205,1986-08-31,1
23,Abagail,Muris,amurism@wufoo.com,2966 Sutteridge Avenue,Salt Lake City,UT,84170,424-96-9894,1986-09-10,1
24,Kial,Fane,kfanen@cisco.com,50 Sloan Alley,Brooklyn,NY,11231,134-04-9478,1984-10-10,1
25,Shepard,Stutte,sstutteo@hugedomains.com,76284 Talisman Avenue,Lexington,KY,40581,240-01-5518,1991-04-28,1
26,Opaline,Hornig,ohornigp@odnoklassniki.ru,96507 Mallard Center,Waterloo,IA,50706,576-91-9862,1987-01-10,1
27,Casey,Brydone,cbrydoneq@sbwire.com,6 Swallow Junction,Baltimore,MD,21282,463-74-1443,1997-01-01,1
28,Johnnie,Yarn,jyarnr@scientificamerican.com,5848 Eggendart Pass,Omaha,NE,68110,116-90-8981,1991-03-16,1
29,Stella,Wight,swights@opensource.org,5 Beilfuss Lane,Pittsburgh,PA,15205,709-81-3653,1986-07-02,1
30,Tomasine,Sparkes,tsparkest@phoca.cz,7 Goodland Hill,Birmingham,AL,35236,372-08-8239,1996-10-16,1
31,Edward,Halford,ehalfordu@adobe.com,5707 Elgar Drive,Cape Coral,FL,33915,787-07-9774,1993-03-20,1
32,Ulberto,Walkley,uwalkleyv@aol.com,21 Eastlawn Center,Washington,DC,20337,536-13-4711,1981-04-26,1
33,Valene,Allanby,vallanbyw@google.ru,155 Rowland Hill,Lake Charles,LA,70616,784-13-6783,1981-08-03,1
34,Reginald,Bloy,rbloyx@msn.com,120 Fallview Circle,Huntington,WV,25709,592-98-0829,1995-09-15,1
35,Zola,Epinay,zepinayy@rambler.ru,46 Schmedeman Hill,Nashville,TN,37205,633-14-1694,1997-04-30,1
36,Kermit,Shadfourth,kshadfourthz@reuters.com,3 Autumn Leaf Center,Grand Junction,CO,81505,424-78-0859,2000-05-01,1
37,Annadiana,Redington,aredington10@google.com.au,9 American Ash Lane,Birmingham,AL,35295,254-65-5706,1984-07-25,1
38,Arlie,Deave,adeave11@github.com,0874 Calypso Junction,Dulles,VA,20189,498-76-7341,1980-12-07,1
39,Clem,McGrane,cmcgrane12@businessweek.com,49988 Johnson Avenue,Indianapolis,IN,46278,215-40-2743,1986-06-18,1
40,Bat,Toler,btoler13@nps.gov,4 Paget Street,Boston,MA,02109,661-96-4038,1992-05-19,1
41,Cosimo,Hember,chember14@jalbum.net,29 Schurz Alley,Milwaukee,WI,53234,798-01-2722,1999-05-11,1
42,Leigh,Wibberley,lwibberley15@mtv.com,88 Forest Terrace,Tyler,TX,75705,694-87-3903,1995-10-16,1
43,Amelie,Kilsby,akilsby16@jalbum.net,486 Division Drive,Milwaukee,WI,53277,245-79-8408,1983-04-18,1
44,Dell,Brumble,dbrumble17@smh.com.au,9 Dahle Park,Houston,TX,77206,370-11-7008,1997-07-03,1
45,Carlyle,Wagnerin,cwagnerin18@flickr.com,5 Graceland Hill,Gainesville,FL,32605,417-54-3286,2000-03-22,1
46,Den,Becks,dbecks19@tiny.cc,005 Hanson Junction,Cincinnati,OH,45264,404-37-7480,1982-04-11,1
47,Rhoda,Wedgbrow,rwedgbrow1a@istockphoto.com,42 Jana Pass,Greensboro,NC,27455,152-80-9148,1986-09-18,1
48,Gilbert,Dewis,gdewis1b@studiopress.com,53 Washington Drive,Austin,TX,78749,697-37-6180,1985-06-25,1
49,Suzette,Pindell,spindell1c@gizmodo.com,98 7th Point,Columbia,SC,29225,419-92-1941,1999-05-02,1
50,Siouxie,Gauson,sgauson1d@unicef.org,39 Continental Avenue,Tallahassee,FL,32304,749-39-0372,1984-12-13,1
51,Laetitia,Patek,lpatek1e@blogger.com,61 Surrey Pass,Naples,FL,34102,132-53-6208,1998-08-01,1
52,Brook,Elphey,belphey1f@arizona.edu,7020 Rockefeller Trail,New Orleans,LA,70154,457-38-7294,1995-09-16,1
53,Blondell,Kittley,bkittley1g@t.co,38009 Arizona Parkway,Tulsa,OK,74116,352-41-7905,1983-07-20,1
54,Linn,Chavrin,lchavrin1h@bloglovin.com,40 Nobel Street,Albuquerque,NM,87121,157-73-8283,1992-08-22,1
55,Michail,Snowman,msnowman1i@bigcartel.com,01 Morning Road,Midland,TX,79710,547-13-3304,1994-12-08,1
56,Tomas,MacAndrew,tmacandrew1j@chicagotribune.com,7 Acker Junction,Indianapolis,IN,46254,676-91-6752,1999-05-17,1
57,Sherwynd,Levene,slevene1k@sohu.com,05 Namekagon Hill,Texarkana,TX,75507,217-92-7825,1983-02-22,1
58,Galen,Skeat,gskeat1l@home.pl,901 Bellgrove Circle,Irvine,CA,92710,480-32-5532,1996-06-14,1
59,Roddie,Zupo,rzupo1m@homestead.com,95789 Londonderry Road,Sandy,UT,84093,754-54-3463,1991-09-17,1
60,Rorke,Kasperski,rkasperski1n@multiply.com,9 Crowley Road,Kansas City,KS,66112,205-33-6213,1987-10-23,1
61,Klarika,Geard,kgeard1o@edublogs.org,31159 New Castle Avenue,Albany,NY,12247,680-78-0426,1995-11-09,1
62,Roselin,Coners,rconers1p@mapquest.com,4 Calypso Street,Pittsburgh,PA,15210,217-61-4130,1991-12-21,1
63,Gwennie,Coultish,gcoultish1q@un.org,94958 Toban Point,Monticello,MN,55585,829-72-0364,1983-09-18,1
64,Tandy,Canon,tcanon1r@topsy.com,41 Transport Park,Madison,WI,53790,823-37-8056,1983-11-08,1
65,Hansiain,Snazel,hsnazel1s@nydailynews.com,9 Valley Edge Trail,Newport News,VA,23612,760-68-2542,1997-02-01,1
66,Janine,Brian,jbrian1t@123-reg.co.uk,7 Bashford Circle,Santa Ana,CA,92705,885-84-2340,1999-10-20,1
67,Tommy,Goldsby,tgoldsby1u@google.ca,3 Dahle Pass,Austin,TX,78783,306-39-5597,1985-05-16,1
68,Hailey,Larcher,hlarcher1v@canalblog.com,11 Tennyson Point,Salt Lake City,UT,84189,827-15-7762,1990-01-29,1
69,Britta,Salman,bsalman1w@nsw.gov.au,36 6th Point,Huntsville,AL,35810,224-98-6220,1982-07-30,1
70,Odey,Jervoise,ojervoise1x@dion.ne.jp,7055 Becker Crossing,Tacoma,WA,98481,870-94-1201,1981-11-08,1
71,Hewett,Rojahn,hrojahn1y@barnesandnoble.com,941 Paget Alley,Pompano Beach,FL,33064,270-14-1361,1985-11-24,1
72,Romonda,Loache,rloache1z@comcast.net,040 Dottie Plaza,Sacramento,CA,94250,546-49-5055,1984-07-09,1
73,Elayne,Benkhe,ebenkhe20@nih.gov,3503 Crest Line Center,Tampa,FL,33625,795-69-6846,1983-03-18,1
74,Camilla,Scadding,cscadding21@epa.gov,65 Sachs Plaza,Milwaukee,WI,53215,595-94-7744,1990-06-10,1
75,Fidelity,Radbourn,fradbourn22@ca.gov,599 Village Green Avenue,Pensacola,FL,32505,109-39-2598,1988-12-12,1
76,Laney,Riby,lriby23@ted.com,453 Bobwhite Hill,Fort Myers,FL,33906,609-90-1682,1993-12-03,1
77,John,MacAscaidh,jmacascaidh24@miibeian.gov.cn,59045 Annamark Circle,San Diego,CA,92186,386-94-5313,1996-11-13,1
78,Rick,Follin,rfollin25@answers.com,99683 Rigney Pass,Topeka,KS,66622,158-73-0417,1984-07-10,1
79,Eugenius,Cristoforetti,ecristoforetti26@squidoo.com,77 Bobwhite Crossing,Fairfield,CT,06825,226-94-1526,1989-02-04,1
80,Alisander,Blatherwick,ablatherwick27@fc2.com,6 Saint Paul Street,Tulsa,OK,74170,273-95-4604,1985-02-25,1
81,Bing,Bartles,bbartles28@macromedia.com,3489 Burning Wood Hill,Fort Worth,TX,76121,760-04-1398,1989-11-04,1
82,Ruprecht,Dudley,rdudley29@taobao.com,89734 Westerfield Plaza,New York City,NY,10275,391-98-9547,1994-06-19,1
83,Scarlet,Sharrem,ssharrem2a@java.com,90 Sundown Avenue,Mobile,AL,36670,151-09-6876,1992-04-03,1
84,Brynne,Ashness,bashness2b@biblegateway.com,85 Pawling Place,Bakersfield,CA,93399,314-09-4251,1982-05-16,1
85,Nicolai,Klimschak,nklimschak2c@upenn.edu,63 Stuart Street,Arlington,VA,22244,357-40-6317,1983-10-01,1
86,Milli,Bicksteth,mbicksteth2d@instagram.com,7491 Dorton Trail,Brooklyn,NY,11236,215-40-9313,1995-05-24,1
87,Wynny,Blose,wblose2e@boston.com,9 Florence Place,Honolulu,HI,96835,192-11-1777,1985-05-01,1
88,Bengt,Benitez,bbenitez2f@so-net.ne.jp,4087 Burning Wood Circle,Tampa,FL,33647,617-69-5713,1994-12-11,1
89,Truman,Bercher,tbercher2g@toplist.cz,405 Springs Street,Hayward,CA,94544,277-52-7806,1990-05-27,1
90,Salmon,Kanzler,skanzler2h@toplist.cz,72 Corben Terrace,Louisville,KY,40298,689-50-4831,1980-09-28,1
91,Gibb,Tuxwell,gtuxwell2i@friendfeed.com,95 Bunting Parkway,Beaverton,OR,97075,581-82-9539,1991-12-03,1
92,Heywood,O'Fallone,hofallone2j@vinaora.com,2021 Evergreen Park,Phoenix,AZ,85015,740-42-7710,1995-11-13,1
93,Glynis,Della,gdella2k@techcrunch.com,64237 Comanche Lane,Paterson,NJ,07505,504-75-5395,1984-11-25,1
94,Odella,Ughelli,oughelli2l@house.gov,91 Swallow Point,Decatur,GA,30089,838-89-5439,1982-12-22,1
95,Devinne,Hug,dhug2m@ustream.tv,4541 Division Parkway,Los Angeles,CA,90025,221-65-3424,1997-06-06,1
96,Roth,Letteresse,rletteresse2n@ocn.ne.jp,87 Barnett Drive,Boulder,CO,80305,380-12-6809,1999-07-14,1
97,Cosetta,Olivazzi,colivazzi2o@elpais.com,78 Morrow Junction,Fresno,CA,93721,332-91-0250,1996-08-29,1
98,Nickolaus,Attyeo,nattyeo2p@phpbb.com,7407 Pleasure Way,Reading,PA,19610,436-66-2310,1992-07-15,1
99,Bertram,Kornilov,bkornilov2q@etsy.com,63 Debra Avenue,Washington,DC,20057,191-49-1878,1982-02-01,1
100,Skippy,Piecha,spiecha2r@biblegateway.com,6004 Bunker Hill Crossing,Springfield,IL,62756,708-85-2670,1986-10-16,1
101,Aigneis,Death,adeath2s@uol.com.br,2153 Pierstorff Road,Shreveport,LA,71105,531-56-7651,1990-08-12,1
102,Cindy,Soppit,csoppit2t@google.ca,817 Oak Hill,Huntington,WV,25721,494-86-7686,1999-05-26,1
103,Gustavo,Quilleash,gquilleash2u@addthis.com,836 Granby Crossing,New York City,NY,10203,669-12-5836,1995-12-30,1
104,Lawry,Hailes,lhailes2v@cnn.com,7 International Hill,Augusta,GA,30919,164-30-3431,1990-07-22,1
105,Jan,Merfin,jmerfin2w@alibaba.com,4671 Summerview Alley,Harrisburg,PA,17140,732-06-5936,1988-09-02,1
106,Carey,O'Neill,coneill2x@ocn.ne.jp,7 Schiller Parkway,Indianapolis,IN,46207,824-13-9387,1991-05-22,1
107,Chip,Kilshall,ckilshall2y@admin.ch,7 Dryden Place,Norfolk,VA,23551,257-28-8771,1991-04-26,1
108,Mendie,Brolan,mbrolan2z@networksolutions.com,40 Eagle Crest Junction,Houston,TX,77085,795-21-5483,1996-10-03,1
109,Dexter,Sandiland,dsandiland30@hhs.gov,56003 Bartelt Place,Warren,MI,48092,142-66-7499,1998-10-04,1
110,Lindon,Byforth,lbyforth31@sfgate.com,07 Talmadge Pass,Rockville,MD,20851,156-06-5553,1987-09-05,1
111,Cristabel,McVitty,cmcvitty32@google.com.br,7018 Maywood Court,Albuquerque,NM,87180,634-43-2558,1990-08-16,1
112,Jewelle,Beaconsall,jbeaconsall33@cocolog-nifty.com,03 Barby Circle,Austin,TX,78764,409-25-7541,1995-03-20,1
113,Archaimbaud,Borwick,aborwick34@harvard.edu,670 Sullivan Point,Tampa,FL,33694,209-20-9862,1990-04-25,1
114,Zorana,Larenson,zlarenson35@jalbum.net,445 Carpenter Point,Myrtle Beach,SC,29579,325-76-8381,1995-10-15,1
115,Mollee,Sleicht,msleicht36@google.com.hk,771 Sloan Plaza,Johnson City,TN,37605,221-45-0922,1984-02-21,1
116,Gunther,Drillot,gdrillot37@ibm.com,36 Glacier Hill Pass,Frankfort,KY,40618,117-86-6361,1989-05-13,1
117,Gerty,Hugill,ghugill38@netvibes.com,9254 Talmadge Street,Tulsa,OK,74141,607-73-4819,1993-05-23,1
118,Weber,Yankishin,wyankishin39@auda.org.au,9 Moland Point,Tacoma,WA,98447,547-89-7690,1999-10-07,1
119,Malissia,Moller,mmoller3a@engadget.com,10432 Calypso Trail,Baton Rouge,LA,70805,667-13-0814,1984-03-12,1
120,Ameline,Yakhin,ayakhin3b@nbcnews.com,7802 Village Avenue,Harrisburg,PA,17110,284-76-5809,1992-05-13,1
121,Justen,Speirs,jspeirs3c@biblegateway.com,89484 Maple Wood Road,Houston,TX,77276,627-47-2724,1995-01-25,1
122,Don,Hull,dhull3d@sbwire.com,81655 Corry Center,Indianapolis,IN,46247,432-03-8527,1985-10-07,1
123,Donn,Piddlesden,dpiddlesden3e@amazonaws.com,06 Barnett Trail,Seattle,WA,98166,545-62-5555,1990-06-30,1
124,Marc,Ferrierio,mferrierio3f@squarespace.com,08277 Walton Court,Bethesda,MD,20892,455-56-6451,1995-08-21,1
125,Conny,Mathew,cmathew3g@devhub.com,47 Clyde Gallagher Terrace,Saint Louis,MO,63116,795-46-1679,1982-09-02,1
126,Pete,Pilsworth,ppilsworth3h@rediff.com,55956 Badeau Alley,San Antonio,TX,78285,692-77-3724,1995-03-31,1
127,Mal,Yaneev,myaneev3i@hugedomains.com,8138 Shasta Way,Orlando,FL,32813,115-39-4733,1987-12-27,1
128,Ladonna,Pratte,lpratte3j@zdnet.com,0468 Lake View Parkway,Phoenix,AZ,85083,475-39-7492,1991-03-11,1
129,Helaine,Caldayrou,hcaldayrou3k@sourceforge.net,04 Barby Center,Alpharetta,GA,30022,775-46-9034,1987-03-19,1
130,Camellia,Szabo,cszabo3l@hud.gov,02407 Golf Course Pass,Sacramento,CA,94297,103-85-1042,1991-08-16,1
131,Maxim,Apple,mapple3m@youtube.com,216 Rockefeller Avenue,Chicago,IL,60609,788-08-7915,1987-08-15,1
132,Lucina,Dockreay,ldockreay3n@shareasale.com,2908 Michigan Pass,Houston,TX,77020,498-38-2628,1999-04-04,1
133,Aubert,Basillon,abasillon3o@gravatar.com,1 Hoepker Plaza,Norfolk,VA,23514,890-40-3062,1996-08-06,1
134,Philomena,Hetterich,phetterich3p@abc.net.au,1926 Novick Plaza,Irvine,CA,92717,196-43-7900,1993-02-14,1
135,Carly,Racine,cracine3q@yale.edu,88 Bunting Alley,Washington,DC,20575,103-50-7722,1985-06-13,1
136,Boothe,McGilleghole,bmcgilleghole3r@addtoany.com,830 Maple Lane,Roanoke,VA,24040,610-81-6215,1993-08-07,1
137,Marlyn,Dumphry,mdumphry3s@phoca.cz,60 Vernon Park,Arvada,CO,80005,424-80-3990,1998-06-29,1
138,Susanna,Menier,smenier3t@cmu.edu,5064 Acker Pass,Morgantown,WV,26505,245-65-7032,1999-10-14,1
139,Alyosha,Causton,acauston3u@merriam-webster.com,20321 West Trail,Boston,MA,02203,501-18-1161,1986-12-14,1
140,Thor,Bareford,tbareford3v@naver.com,1 Fairview Street,Birmingham,AL,35290,200-29-7135,1997-09-10,1
141,Timmie,Faircley,tfaircley3w@storify.com,04 Duke Drive,Springfield,VA,22156,372-94-4388,1982-02-02,1
142,Maryann,Farress,mfarress3x@macromedia.com,08660 Kenwood Terrace,Anderson,IN,46015,699-45-3611,1983-10-30,1
143,Loise,Raphael,lraphael3y@abc.net.au,46104 Tennessee Pass,Saint Paul,MN,55146,585-31-4743,1987-05-25,1
144,Shelton,Stonner,sstonner3z@msu.edu,98 Village Green Road,Washington,DC,20226,402-04-0333,1991-08-01,1
145,Clementia,Pacht,cpacht40@liveinternet.ru,0 Derek Lane,Duluth,GA,30096,790-08-7268,1988-12-02,1
146,Theodoric,Bourgour,tbourgour41@unc.edu,16936 Tennyson Drive,Van Nuys,CA,91499,495-83-1188,1993-07-12,1
147,Tammie,Cozins,tcozins42@flickr.com,3297 Delladonna Plaza,Lake Worth,FL,33462,186-02-2479,1996-09-04,1
148,Toinette,Pawden,tpawden43@zdnet.com,65938 Manitowish Junction,Miami,FL,33142,216-91-4005,1985-02-12,1
149,Ab,Truitt,atruitt44@ftc.gov,339 Kensington Center,Wilmington,DE,19886,546-93-9944,1985-07-21,1
150,Paulie,Goede,pgoede45@cmu.edu,8 Summerview Road,Kansas City,MO,64160,328-49-5717,1993-08-13,1
151,Arthur,Dable,adable46@netlog.com,44 Jackson Street,Rochester,NY,14619,446-43-3028,1982-10-18,1
152,Marga,Eckersley,meckersley47@senate.gov,82527 Ramsey Street,Kansas City,MO,64144,383-84-6654,1984-12-17,1
153,Onfre,Brosio,obrosio48@illinois.edu,845 Melrose Place,Pensacola,FL,32575,832-82-8259,1985-12-04,1
154,Arda,Noton,anoton49@ft.com,33582 Farragut Lane,Herndon,VA,22070,783-57-6165,2000-06-10,1
155,Scottie,Catton,scatton4a@domainmarket.com,0484 Anderson Hill,Indianapolis,IN,46226,401-53-8714,1985-08-04,1
156,Gillie,Skyrm,gskyrm4b@twitpic.com,562 Barby Place,Dallas,TX,75323,888-82-1371,1980-07-14,1
157,Mersey,Kiffe,mkiffe4c@fda.gov,709 Donald Lane,Minneapolis,MN,55407,656-44-9683,1981-07-08,1
158,Roderick,Nias,rnias4d@yellowpages.com,9071 Susan Avenue,Colorado Springs,CO,80951,163-79-1559,1987-04-06,1
159,Eberto,Dalzell,edalzell4e@imdb.com,897 Laurel Street,Pittsburgh,PA,15286,298-86-4072,1995-02-12,1
160,Tiffy,Besemer,tbesemer4f@gizmodo.com,27723 Westport Court,Mountain View,CA,94042,593-50-0812,1995-01-13,1
161,Conn,Possell,cpossell4g@cloudflare.com,3280 Holmberg Hill,Richmond,VA,23228,687-18-0393,1996-12-31,1
162,Jackie,Huband,jhuband4h@nasa.gov,911 Lien Pass,Memphis,TN,38143,772-40-2585,1985-08-04,1
163,Amerigo,Couth,acouth4i@cmu.edu,86968 Green Junction,San Jose,CA,95113,822-45-7883,1987-07-26,1
164,Thayne,Poyzer,tpoyzer4j@google.pl,1 Straubel Parkway,Baltimore,MD,21239,133-18-2530,1999-10-30,1
165,Karisa,Kissick,kkissick4k@sakura.ne.jp,57 Village Circle,Memphis,TN,38150,886-42-8636,1997-09-04,1
166,Benedicta,Lydford,blydford4l@prlog.org,958 Annamark Place,New York City,NY,10045,115-36-8566,1980-08-27,1
167,Alis,Heis,aheis4m@artisteer.com,620 Gale Terrace,White Plains,NY,10606,303-89-8575,1996-11-09,1
168,Zak,Kinnaird,zkinnaird4n@ocn.ne.jp,0 Esker Road,Alexandria,LA,71307,606-36-8362,1980-08-11,1
169,Fayth,Whitemarsh,fwhitemarsh4o@tripod.com,0608 Declaration Circle,Portsmouth,NH,03804,349-67-0042,1998-07-27,1
170,Dewey,Fentem,dfentem4p@wufoo.com,70884 Old Shore Hill,Lexington,KY,40546,316-62-0390,1987-03-03,1
171,Kettie,Winters,kwinters4q@bandcamp.com,20703 Utah Street,Dallas,TX,75397,353-72-6299,1987-01-21,1
172,Sharl,Olivo,solivo4r@gmpg.org,9 Lukken Road,San Francisco,CA,94105,839-82-4144,1984-07-05,1
173,Noami,Cristobal,ncristobal4s@biblegateway.com,8 Express Street,Reston,VA,22096,185-92-8425,1987-07-22,1
174,Haskell,Kubanek,hkubanek4t@census.gov,0 Mayer Trail,Fort Wayne,IN,46814,381-29-6589,1994-11-02,1
175,Seth,Pedrol,spedrol4u@google.nl,7272 Dorton Park,Peoria,IL,61656,328-18-5170,1985-12-31,1
176,Max,Collett,mcollett4v@lycos.com,5 Maple Crossing,Louisville,KY,40210,780-95-2116,1991-06-23,1
177,Taite,Blum,tblum4w@cornell.edu,5 Hudson Place,Santa Barbara,CA,93111,499-96-5165,1994-01-11,1
178,Lynsey,Matousek,lmatousek4x@sourceforge.net,3 Almo Road,Kansas City,MO,64142,471-80-4057,2000-02-12,1
179,Camala,Clench,cclench4y@dyndns.org,6 Cherokee Parkway,Corpus Christi,TX,78426,499-51-0476,1998-08-06,1
180,Carolann,Bemwell,cbemwell4z@example.com,3152 Westend Crossing,Lakeland,FL,33805,849-83-5391,1988-03-17,1
181,Orion,Lowcock,olowcock50@hp.com,02833 Tennyson Drive,Carol Stream,IL,60351,202-35-2951,1981-02-06,1
182,Gael,Turban,gturban51@bigcartel.com,703 Northwestern Junction,Stamford,CT,06905,586-97-1655,1981-12-13,1
183,Tye,Lanmeid,tlanmeid52@infoseek.co.jp,95 Hauk Crossing,New Haven,CT,06538,218-74-4220,1990-03-07,1
184,Leone,Durbin,ldurbin53@goodreads.com,2471 Prairieview Pass,Charlotte,NC,28225,731-92-0056,1991-05-06,1
185,Hettie,Bloxham,hbloxham54@examiner.com,67 Evergreen Point,Naples,FL,34114,686-99-3103,1987-07-14,1
186,Darren,Vanne,dvanne55@tamu.edu,5780 Harper Terrace,Houston,TX,77255,375-91-6489,1981-05-31,1
187,Sherline,McKibbin,smckibbin56@wp.com,733 Dottie Street,Dayton,OH,45403,225-58-6308,1996-08-24,1
188,Forrest,Hartzog,fhartzog57@hc360.com,24 Ruskin Park,Chicago,IL,60652,739-28-2330,1982-11-15,1
189,Abbye,Bailey,abailey58@blogspot.com,97 Carioca Point,El Paso,TX,79923,105-70-9297,1986-03-31,1
190,Cammie,Mcwhinney,cmcwhinney59@google.com,8 Morrow Pass,Portland,OR,97286,682-04-4499,1988-07-26,1
191,Bea,Abramin,babramin5a@google.com.hk,85 Vera Lane,Philadelphia,PA,19184,672-46-4705,1989-12-08,1
192,Gaby,Chateau,gchateau5b@1und1.de,5 Stuart Alley,Jacksonville,FL,32215,255-31-4387,1987-10-15,1
193,Tod,Crinson,tcrinson5c@umn.edu,089 Redwing Plaza,Everett,WA,98206,446-41-0251,1995-01-03,1
194,Kristo,Clemenza,kclemenza5d@pinterest.com,255 Algoma Terrace,San Antonio,TX,78291,179-12-3783,1983-04-03,1
195,Corny,Wye,cwye5e@google.co.jp,451 Westend Plaza,Cleveland,OH,44105,749-14-5872,1987-06-28,1
196,Wenonah,Duffield,wduffield5f@ebay.co.uk,5098 Tennyson Place,San Jose,CA,95150,378-80-9540,1989-07-22,1
197,Cristin,Goad,cgoad5g@odnoklassniki.ru,5967 Almo Circle,Las Vegas,NV,89120,420-27-3211,1992-08-12,1
198,Bert,Jobling,bjobling5h@sourceforge.net,363 Dahle Circle,Rockford,IL,61105,329-40-0367,1997-09-26,1
199,Estel,Mohring,emohring5i@ning.com,14 Prentice Street,East Saint Louis,IL,62205,132-76-1984,1988-06-17,1
200,Lorne,Muzzlewhite,lmuzzlewhite5j@weebly.com,2 Surrey Place,East Saint Louis,IL,62205,469-59-5465,1990-11-04,1
201,Albertine,Bidgod,abidgod5k@yandex.ru,167 Sutherland Parkway,Honolulu,HI,96840,177-91-1979,1999-08-19,1
202,Claire,Taffley,ctaffley5l@pen.io,1259 Sundown Court,Omaha,NE,68117,580-64-7913,1983-03-16,1
203,Con,Featherby,cfeatherby5m@slideshare.net,44160 Loeprich Hill,Harrisburg,PA,17140,575-39-0491,1999-08-26,1
204,Peadar,Farington,pfarington5n@webnode.com,625 Toban Alley,Birmingham,AL,35215,498-17-5830,1981-12-07,1
205,Toby,Mabbutt,tmabbutt5o@redcross.org,99701 Claremont Way,Peoria,IL,61635,525-11-5324,1999-06-25,1
206,Olivier,Pietesch,opietesch5p@paypal.com,80779 Anzinger Lane,New York City,NY,10019,479-74-5295,1985-09-12,1
207,Beau,Luckman,bluckman5q@china.com.cn,2600 Jay Court,Topeka,KS,66611,217-27-5714,1990-12-10,1
208,Justin,Aldcorne,jaldcorne5r@mayoclinic.com,6184 Huxley Alley,Waterbury,CT,06721,682-20-1443,1994-04-14,1
209,Harwilll,Spillman,hspillman5s@flickr.com,418 Brentwood Terrace,Whittier,CA,90605,886-08-3278,1998-03-06,1
210,Ilyse,Fleisch,ifleisch5t@bluehost.com,22 Sutteridge Junction,Topeka,KS,66617,706-17-9104,1992-07-28,1
211,Noni,Kelsow,nkelsow5u@behance.net,76882 Sauthoff Drive,Memphis,TN,38168,354-13-9928,1988-08-08,1
212,Scottie,Terry,sterry5v@exblog.jp,88 Goodland Junction,Atlanta,GA,30375,320-22-7900,1996-01-11,1
213,Tulley,Dorrins,tdorrins5w@businessinsider.com,5 Bayside Lane,Houston,TX,77045,739-13-9549,1998-09-05,1
214,Milli,Grimes,mgrimes5x@smh.com.au,0500 Lakewood Gardens Crossing,Alpharetta,GA,30022,264-66-3921,1982-09-28,1
215,Holden,Sands,hsands5y@java.com,92 Jay Way,Houston,TX,77228,443-40-1078,1984-08-13,1
216,Tiffani,Tunnoch,ttunnoch5z@yandex.ru,6482 Iowa Way,Savannah,GA,31410,105-53-1881,1989-09-22,1
217,Phillipp,Perrott,pperrott60@ezinearticles.com,2 Continental Point,Baltimore,MD,21281,643-07-4232,1998-09-22,1
218,Cammie,Grundy,cgrundy61@statcounter.com,06710 Pawling Road,Las Vegas,NV,89130,206-07-0261,1998-06-07,1
219,Farleigh,Floodgate,ffloodgate62@nifty.com,95883 Shasta Plaza,Saint Louis,MO,63196,556-55-4464,1991-06-28,1
220,Sophi,Gallemore,sgallemore63@cdc.gov,7949 Pankratz Alley,Phoenix,AZ,85053,307-78-9159,1995-07-03,1
221,Crichton,Calvard,ccalvard64@ameblo.jp,6 Lukken Park,Tampa,FL,33605,471-77-4286,1989-12-14,1
222,Hana,Showte,hshowte65@xing.com,7031 Corry Way,Springfield,IL,62711,467-56-5389,1984-06-07,1
223,Granger,McQuillin,gmcquillin66@mozilla.com,59313 Waywood Center,Phoenix,AZ,85053,631-37-6808,1986-06-09,1
224,Gracie,Kingdon,gkingdon67@nsw.gov.au,981 Lighthouse Bay Place,Montgomery,AL,36125,194-64-0944,1993-05-20,1
225,Fara,Fussey,ffussey68@sourceforge.net,61 Loeprich Avenue,Orlando,FL,32808,671-62-6518,1983-09-18,1
226,Anne,Crowth,acrowth69@sina.com.cn,9 Starling Parkway,Anaheim,CA,92812,556-50-7562,1980-08-15,1
227,Juan,Sandyford,jsandyford6a@about.me,7 Del Sol Pass,Oklahoma City,OK,73173,703-16-5041,1998-03-22,1
228,Debbi,Lymbourne,dlymbourne6b@livejournal.com,4786 North Court,Sioux City,IA,51110,114-31-3381,1981-07-24,1
229,Cleavland,Fletcher,cfletcher6c@answers.com,60461 Thackeray Circle,Sacramento,CA,95865,168-56-3899,1980-11-08,1
230,Dominik,Duncanson,dduncanson6d@chicagotribune.com,36131 Karstens Road,Austin,TX,78789,236-94-2842,1992-12-02,1
231,Brewer,Avramow,bavramow6e@elegantthemes.com,749 Chive Trail,New York City,NY,10004,522-60-3642,1995-05-06,1
232,Virge,Costock,vcostock6f@ed.gov,569 Canary Road,Oakland,CA,94627,172-41-4569,1985-06-25,1
233,Karissa,McGeechan,kmcgeechan6g@webeden.co.uk,0 Hollow Ridge Junction,Levittown,PA,19058,761-58-0998,1980-12-08,1
234,Elfie,Fenimore,efenimore6h@odnoklassniki.ru,1264 Manley Pass,Minneapolis,MN,55407,775-58-2929,1982-05-31,1
235,Eugen,Sellers,esellers6i@dailymotion.com,8 Bobwhite Alley,Baton Rouge,LA,70826,803-13-0712,1989-09-17,1
236,Lyssa,Sheering,lsheering6j@eventbrite.com,335 Miller Court,Toledo,OH,43635,279-03-6782,2000-04-24,1
237,Merola,Nudde,mnudde6k@shinystat.com,18 Straubel Terrace,Huntsville,AL,35895,633-94-9266,1993-08-21,1
238,Calida,Kleinstern,ckleinstern6l@google.com,51 Bartillon Court,Providence,RI,02912,496-32-9089,1998-09-05,1
239,Josselyn,Tanti,jtanti6m@google.fr,598 Grim Crossing,Lansing,MI,48930,449-59-9242,2000-06-21,1
240,Ab,Jendrusch,ajendrusch6n@salon.com,8777 Graedel Alley,Sandy,UT,84093,426-42-8133,1994-12-16,1
241,Shayna,Lailey,slailey6o@dion.ne.jp,52 Arizona Road,Wichita,KS,67205,635-59-1789,1988-12-29,1
242,Ninon,McGlue,nmcglue6p@soup.io,23380 Vidon Trail,Houston,TX,77015,425-39-1397,1982-04-15,1
243,Cecile,Swalowe,cswalowe6q@hubpages.com,7315 Basil Court,Anderson,IN,46015,538-43-1264,1992-11-08,1
244,Missie,Scotchmer,mscotchmer6r@wikia.com,4 Westport Pass,Allentown,PA,18105,719-38-1344,1991-06-24,1
245,Caroljean,Greenstead,cgreenstead6s@example.com,43 John Wall Parkway,Jackson,TN,38308,673-73-2571,1980-07-30,1
246,Viki,Bolderstone,vbolderstone6t@ezinearticles.com,7 Shoshone Road,Indianapolis,IN,46254,330-20-0845,1992-08-05,1
247,Pieter,Streetley,pstreetley6u@liveinternet.ru,6 Huxley Lane,Sacramento,CA,94230,704-16-1530,1998-08-16,1
248,Jeff,Haffenden,jhaffenden6v@google.it,35784 Division Junction,Ogden,UT,84403,779-74-7001,1992-07-07,1
249,Loren,Bagott,lbagott6w@bloomberg.com,4 Stuart Junction,San Diego,CA,92132,889-84-9509,1987-02-26,1
250,Giacinta,Bartholomieu,gbartholomieu6x@hao123.com,06116 Sutteridge Place,Aurora,CO,80044,713-40-1099,1982-08-20,1
251,Price,Lodwick,plodwick6y@gravatar.com,76 Summerview Lane,Columbus,MS,39705,498-15-1969,1993-02-25,1
252,Guillaume,Abrehart,gabrehart6z@google.co.uk,7 Mitchell Park,Port Charlotte,FL,33954,757-67-2268,2000-04-21,1
253,Jamima,Calam,jcalam70@desdev.cn,42 Eggendart Pass,Fort Worth,TX,76178,409-50-7419,1998-11-29,1
254,Maryjo,Lenton,mlenton71@liveinternet.ru,8 Oakridge Circle,Gastonia,NC,28055,240-32-0362,1982-04-13,1
255,Lucienne,Creswell,lcreswell72@engadget.com,04623 Moulton Alley,New Orleans,LA,70154,484-15-1534,1997-01-23,1
256,Shoshana,Trunks,strunks73@twitter.com,462 Schiller Crossing,Gaithersburg,MD,20883,712-62-5469,1987-10-29,1
257,Clemmy,Tumelty,ctumelty74@businessweek.com,61 American Ash Street,Minneapolis,MN,55448,835-66-8837,1983-05-26,1
258,Tab,Neve,tneve75@homestead.com,54 Clarendon Junction,Torrance,CA,90510,227-10-5586,1993-03-04,1
259,Artur,Jesteco,ajesteco76@tiny.cc,55392 8th Parkway,Lubbock,TX,79415,326-85-9727,1993-09-22,1
260,Raphael,Peschka,rpeschka77@indiegogo.com,79 Independence Point,Washington,DC,20575,584-74-9128,1986-04-13,1
261,Leora,Coils,lcoils78@ning.com,03608 Stang Alley,Shawnee Mission,KS,66210,477-80-8410,1984-09-16,1
262,Margaretta,Duchan,mduchan79@merriam-webster.com,85171 Porter Center,Oklahoma City,OK,73152,472-35-3193,1987-03-02,1
263,Beatriz,Eicheler,beicheler7a@photobucket.com,713 Kingsford Place,Richmond,VA,23293,876-83-4459,1989-10-22,1
264,Taite,Peracco,tperacco7b@virginia.edu,57 Annamark Terrace,Erie,PA,16550,850-86-4754,1982-11-07,1
265,Pierette,Georgievski,pgeorgievski7c@soup.io,7648 Surrey Park,Little Rock,AR,72231,689-76-7249,1997-06-25,1
266,Marilee,Covil,mcovil7d@wsj.com,70293 Lighthouse Bay Street,Spokane,WA,99210,882-21-3512,1989-12-13,1
267,Derwin,Beetlestone,dbeetlestone7e@dion.ne.jp,12 Redwing Hill,Yonkers,NY,10705,492-53-9188,1983-03-31,1
268,Uriel,Miell,umiell7f@linkedin.com,59652 Logan Parkway,New York City,NY,10280,654-43-5341,1992-07-06,1
269,Zora,Weetch,zweetch7g@shutterfly.com,4620 Eggendart Place,Philadelphia,PA,19141,163-09-9619,1988-03-16,1
270,Blaine,Clegg,bclegg7h@qq.com,5 Dayton Center,Denver,CO,80228,878-68-4587,1996-11-25,1
271,Vergil,Ingarfield,vingarfield7i@ca.gov,926 Walton Place,Clearwater,FL,33763,159-11-9913,1995-05-01,1
272,Lodovico,Toleman,ltoleman7j@stumbleupon.com,31 Stang Drive,Athens,GA,30610,277-16-4332,1993-04-16,1
273,Juanita,Tute,jtute7k@vkontakte.ru,48 Westport Road,Los Angeles,CA,90015,797-89-4773,1983-12-15,1
274,Randi,Dawdary,rdawdary7l@java.com,141 Oakridge Pass,Portland,OR,97240,162-62-3996,1981-03-05,1
275,Sioux,Hallibone,shallibone7m@biglobe.ne.jp,066 Independence Trail,Pasadena,CA,91186,536-74-9485,1996-07-29,1
276,Pamella,Hurdiss,phurdiss7n@abc.net.au,09 Fulton Point,Atlanta,GA,31196,897-97-4654,1997-07-21,1
277,Byrann,Linton,blinton7o@elegantthemes.com,4 Golden Leaf Trail,Miami,FL,33245,808-48-9270,1999-03-23,1
278,Stacee,Garaway,sgaraway7p@hhs.gov,43262 Londonderry Plaza,Pasadena,CA,91199,349-22-7747,1981-09-29,1
279,Wang,Everwin,weverwin7q@freewebs.com,146 Mcguire Crossing,Fort Smith,AR,72916,751-82-5039,1997-09-15,1
280,Alexio,Gregson,agregson7r@hexun.com,30 Mallory Crossing,Seattle,WA,98148,780-56-9227,1991-07-27,1
281,Lu,Wand,lwand7s@thetimes.co.uk,39830 Grasskamp Pass,Brooklyn,NY,11247,665-21-6223,1998-04-07,1
282,Alexis,Kitteringham,akitteringham7t@nationalgeographic.com,24 Mcbride Junction,Atlanta,GA,31106,239-54-0372,1984-08-12,1
283,Dilly,Pickance,dpickance7u@de.vu,4 Oneill Park,Elmira,NY,14905,626-21-6165,1992-12-14,1
284,Kellina,Cotman,kcotman7v@wix.com,407 Tennyson Plaza,Fayetteville,NC,28305,836-58-7697,1989-10-15,1
285,Lanny,Dmitrievski,ldmitrievski7w@vistaprint.com,9739 Eastlawn Terrace,Milwaukee,WI,53234,121-02-6092,1980-07-26,1
286,Maynord,Wickes,mwickes7x@jiathis.com,65 Mariners Cove Pass,Dallas,TX,75310,624-19-6753,1985-08-17,1
287,Kristos,Edwardson,kedwardson7y@hibu.com,184 Dwight Pass,Santa Rosa,CA,95405,481-55-9744,1996-06-29,1
288,Thorn,Golding,tgolding7z@sciencedirect.com,34050 Carey Center,Asheville,NC,28815,149-09-0319,1988-03-14,1
289,Germain,Bromby,gbromby80@cam.ac.uk,0 Starling Parkway,Salt Lake City,UT,84130,157-50-3708,1987-03-30,1
290,Karissa,Hagergham,khagergham81@cmu.edu,862 Katie Junction,Saint Paul,MN,55123,421-93-6129,1989-02-27,1
291,Ninon,Sneddon,nsneddon82@csmonitor.com,613 Farragut Street,Hartford,CT,06120,782-88-6556,1997-04-10,1
292,Janaya,Escalante,jescalante83@jalbum.net,73709 Stephen Court,Fresno,CA,93709,691-98-6313,1995-07-31,1
293,Edwina,Boxe,eboxe84@geocities.com,62 Cody Point,Saint Louis,MO,63158,827-52-6576,1992-05-20,1
294,Archie,Gouldbourn,agouldbourn85@tumblr.com,2 Tony Lane,Jackson,MS,39204,897-51-5352,1983-06-15,1
295,Palm,Chipperfield,pchipperfield86@addthis.com,417 Steensland Drive,Mobile,AL,36628,205-13-1262,1987-01-09,1
296,Rosamond,Binnell,rbinnell87@hugedomains.com,8191 Twin Pines Place,Terre Haute,IN,47812,231-21-7589,1982-01-04,1
297,Leonie,Novakovic,lnovakovic88@reuters.com,9 Holmberg Hill,New Orleans,LA,70154,672-82-6238,1990-03-22,1
298,Gaye,De Roberto,gderoberto89@ow.ly,993 Sachs Plaza,San Jose,CA,95113,823-71-0017,1990-08-12,1
299,Ailis,Rosten,arosten8a@usatoday.com,43701 Shoshone Court,Seattle,WA,98148,318-11-3974,1982-11-14,1
300,Ali,Anger,aanger8b@virginia.edu,81495 Artisan Court,Kansas City,MO,64130,678-94-7125,1994-09-21,1
301,Nero,Pharro,npharro8c@godaddy.com,0 Harbort Junction,Toledo,OH,43615,248-76-3841,1985-03-27,1
302,Malchy,Demschke,mdemschke8d@virginia.edu,7786 Parkside Street,Fort Lauderdale,FL,33325,356-01-4742,1991-10-28,1
303,Dorice,Faivre,dfaivre8e@wunderground.com,9122 Havey Alley,Birmingham,AL,35279,332-53-2423,1984-02-25,1
304,Godfrey,Dimblebee,gdimblebee8f@edublogs.org,0260 Memorial Lane,Des Moines,IA,50936,148-63-7346,1994-06-14,1
305,Tansy,Puddifer,tpuddifer8g@mapquest.com,41512 Lotheville Alley,Sacramento,CA,94207,116-62-7450,1992-07-09,1
306,Kerrie,Mieville,kmieville8h@businesswire.com,826 Clove Trail,Oklahoma City,OK,73142,742-58-0169,1987-08-27,1
307,Kittie,Overy,kovery8i@mit.edu,03 Alpine Way,Glendale,CA,91210,823-79-7574,1992-08-23,1
308,Stephanie,Vynoll,svynoll8j@wikipedia.org,5 5th Road,Houston,TX,77010,286-19-2203,1992-08-11,1
309,Cris,Fossick,cfossick8k@who.int,543 Arkansas Drive,Austin,TX,78715,203-43-9121,1981-11-02,1
310,Layne,Wyllt,lwyllt8l@wikispaces.com,113 Marquette Lane,Phoenix,AZ,85045,706-24-6459,1985-10-07,1
311,Meggie,Bertie,mbertie8m@ted.com,5 Canary Avenue,Santa Monica,CA,90410,727-51-5832,1995-01-10,1
312,Pepita,Sabin,psabin8n@blogger.com,44322 Linden Street,Phoenix,AZ,85099,720-27-5986,1982-09-20,1
313,Berget,Leist,bleist8o@paginegialle.it,47 Oakridge Way,Wichita,KS,67215,717-30-3789,1985-03-03,1
314,Amory,Casazza,acasazza8p@theglobeandmail.com,036 Morningstar Crossing,Santa Barbara,CA,93150,794-87-5418,1991-08-21,1
315,Dena,Wilprecht,dwilprecht8q@exblog.jp,988 Golden Leaf Lane,Minneapolis,MN,55458,436-82-7721,1988-10-20,1
316,Kora,Kerrigan,kkerrigan8r@sina.com.cn,440 Scott Circle,Santa Cruz,CA,95064,851-08-0062,1997-01-12,1
317,Stanleigh,Shovelbottom,sshovelbottom8s@aboutads.info,2 Pepper Wood Parkway,Washington,DC,20022,110-21-5960,1999-09-06,1
318,Ollie,Lavrinov,olavrinov8t@google.es,68 Onsgard Parkway,Des Moines,IA,50320,210-29-5543,1982-01-27,1
319,Quentin,Kopf,qkopf8u@ocn.ne.jp,77321 Logan Circle,Lancaster,CA,93584,422-80-4914,1995-08-06,1
320,Ermin,Tordiffe,etordiffe8v@mac.com,8 Eliot Hill,Los Angeles,CA,90071,831-79-1410,1986-04-10,1
321,Ethelred,Gearty,egearty8w@ning.com,4937 Little Fleur Parkway,Minneapolis,MN,55402,199-73-0016,1998-02-03,1
322,Mandel,Brixey,mbrixey8x@theatlantic.com,3338 Merchant Trail,Minneapolis,MN,55402,172-62-6812,1996-06-28,1
323,Liuka,Truckett,ltruckett8y@comcast.net,115 Valley Edge Terrace,San Bernardino,CA,92415,515-77-8740,1987-02-11,1
324,Agustin,Bardell,abardell8z@epa.gov,0825 Hollow Ridge Pass,Houston,TX,77040,237-24-0548,1989-10-04,1
325,Grantley,Rack,grack90@a8.net,1303 Jackson Parkway,Colorado Springs,CO,80920,368-90-5888,1983-01-31,1
326,Florence,Minter,fminter91@furl.net,1150 Hanson Pass,Columbus,OH,43210,780-37-7020,1987-07-26,1
327,Ryann,Tribe,rtribe92@amazon.co.uk,99 Mayfield Lane,Birmingham,AL,35210,118-51-4887,1984-02-19,1
328,Ferris,Mowen,fmowen93@bluehost.com,80105 Clyde Gallagher Plaza,Pittsburgh,PA,15274,182-17-9184,1986-04-04,1
329,Bernadine,Allwright,ballwright94@drupal.org,85 Eagan Point,Hartford,CT,06183,722-37-3079,1987-04-16,1
330,Adey,Cordobes,acordobes95@joomla.org,74102 Fordem Trail,Fairfax,VA,22036,264-48-6937,1988-12-12,1
331,Devlin,Magor,dmagor96@networksolutions.com,69 High Crossing Crossing,Salt Lake City,UT,84110,867-33-9596,1985-07-02,1
332,Melisenda,Gremain,mgremain97@army.mil,31753 Becker Hill,Cleveland,OH,44197,789-72-2226,1988-10-28,1
333,Fidelity,Foulsham,ffoulsham98@ihg.com,28 Debra Place,Los Angeles,CA,90189,199-88-7064,1990-02-19,1
334,Harlin,Wemm,hwemm99@i2i.jp,62547 Coleman Trail,Waco,TX,76796,553-25-8390,1986-12-11,1
