Email_Id,first_name,last_name,email,Address,City,State,Zip,SSN,Birthdate,Reminder
1,Stephani,Boone,sboone0@globo.com,79 Montana Plaza,Oklahoma City,OK,73119,142-74-7590,1984-09-01,1
3,Peggie,Gittus,pgittus2@deliciousdays.com,8 Drewry Junction,Virginia Beach,VA,23454,125-07-9944,1997-02-15,1
5,Nelle,Paull,npaull4@ebay.co.uk,12 Rowland Street,Norcross,GA,30092,275-54-5660,1987-03-03,1
7,Barclay,Elston,belston6@cisco.com,620 Carioca Road,Mobile,AL,36622,468-91-3932,1997-11-21,1
9,Breanne,Menier,bmenier8@buzzfeed.com,94 Buhler Alley,Omaha,NE,68134,707-01-5232,1997-04-14,1
11,Lauri,Geist,lgeista@facebook.com,48116 Huxley Place,Wichita,KS,67236,465-16-2084,2000-05-11,1
13,Abigael,Celier,acelierc@amazon.com,19 Hoffman Crossing,Galveston,TX,77554,234-48-3658,1991-09-24,1
15,Alain,Ronchi,aronchie@google.co.uk,9 Claremont Hill,Lexington,KY,40581,461-26-6775,1993-08-17,1
17,Townie,Knibbs,tknibbsg@soundcloud.com,158 Ryan Street,Newport News,VA,23605,669-55-4393,1980-10-15,1
19,Fernando,Filov,ffilovi@slideshare.net,03 Maywood Crossing,Washington,DC,20260,716-99-9938,1991-01-27,1
21,Jodi,Goodreid,jgoodreidk@loc.gov,98856 Haas Way,Springfield,VA,22156,159-73-3765,1987-04-03,1
23,Abagail,Muris,amurism@wufoo.com,2966 Sutteridge Avenue,Salt Lake City,UT,84170,424-96-9894,1986-09-10,1
25,Shepard,Stutte,sstutteo@hugedomains.com,76284 Talisman Avenue,Lexington,KY,40581,240-01-5518,1991-04-28,1
27,Casey,Brydone,cbrydoneq@sbwire.com,6 Swallow Junction,Baltimore,MD,21282,463-74-1443,1997-01-01,1
29,Stella,Wight,swights@opensource.org,5 Beilfuss Lane,Pittsburgh,PA,15205,709-81-3653,1986-07-02,1
31,Edward,Halford,ehalfordu@adobe.com,5707 Elgar Drive,Cape Coral,FL,33915,787-07-9774,1993-03-20,1
33,Valene,Allanby,vallanbyw@google.ru,155 Rowland Hill,Lake Charles,LA,70616,784-13-6783,1981-08-03,1
35,Zola,Epinay,zepinayy@rambler.ru,46 Schmedeman Hill,Nashville,TN,37205,633-14-1694,1997-04-30,1
37,Annadiana,Redington,aredington10@google.com.au,9 American Ash Lane,Birmingham,AL,35295,254-65-5706,1984-07-25,1
39,Clem,McGrane,cmcgrane12@businessweek.com,49988 Johnson Avenue,Indianapolis,IN,46278,215-40-2743,1986-06-18,1
41,Cosimo,Hember,chember14@jalbum.net,29 Schurz Alley,Milwaukee,WI,53234,798-01-2722,1999-05-11,1
43,Amelie,Kilsby,akilsby16@jalbum.net,486 Division Drive,Milwaukee,WI,53277,245-79-8408,1983-04-18,1
45,Carlyle,Wagnerin,cwagnerin18@flickr.com,5 Graceland Hill,Gainesville,FL,32605,417-54-3286,2000-03-22,1
47,Rhoda,Wedgbrow,rwedgbrow1a@istockphoto.com,42 Jana Pass,Greensboro,NC,27455,152-80-9148,1986-09-18,1
49,Suzette,Pindell,spindell1c@gizmodo.com,98 7th Point,Columbia,SC,29225,419-92-1941,1999-05-02,1
51,Laetitia,Patek,lpatek1e@blogger.com,61 Surrey Pass,Naples,FL,34102,132-53-6208,1998-08-01,1
53,Blondell,Kittley,bkittley1g@t.co,38009 Arizona Parkway,Tulsa,OK,74116,352-41-7905,1983-07-20,1
55,Michail,Snowman,msnowman1i@bigcartel.com,01 Morning Road,Midland,TX,79710,547-13-3304,1994-12-08,1
57,Sherwynd,Levene,slevene1k@sohu.com,05 Namekagon Hill,Texarkana,TX,75507,217-92-7825,1983-02-22,1
59,Roddie,Zupo,rzupo1m@homestead.com,95789 Londonderry Road,Sandy,UT,84093,754-54-3463,1991-09-17,1
61,Klarika,Geard,kgeard1o@edublogs.org,31159 New Castle Avenue,Albany,NY,12247,680-78-0426,1995-11-09,1
63,Gwennie,Coultish,gcoultish1q@un.org,94958 Toban Point,Monticello,MN,55585,829-72-0364,1983-09-18,1
65,Hansiain,Snazel,hsnazel1s@nydailynews.com,9 Valley Edge Trail,Newport News,VA,23612,760-68-2542,1997-02-01,1
67,Tommy,Goldsby,tgoldsby1u@google.ca,3 Dahle Pass,Austin,TX,78783,306-39-5597,1985-05-16,1
69,Britta,Salman,bsalman1w@nsw.gov.au,36 6th Point,Huntsville,AL,35810,224-98-6220,1982-07-30,1
71,Hewett,Rojahn,hrojahn1y@barnesandnoble.com,941 Paget Alley,Pompano Beach,FL,33064,270-14-1361,1985-11-24,1
73,Elayne,Benkhe,ebenkhe20@nih.gov,3503 Crest Line Center,Tampa,FL,33625,795-69-6846,1983-03-18,1
75,Fidelity,Radbourn,fradbourn22@ca.gov,599 Village Green Avenue,Pensacola,FL,32505,109-39-2598,1988-12-12,1
77,John,MacAscaidh,jmacascaidh24@miibeian.gov.cn,59045 Annamark Circle,San Diego,CA,92186,386-94-5313,1996-11-13,1
79,Eugenius,Cristoforetti,ecristoforetti26@squidoo.com,77 Bobwhite Crossing,Fairfield,CT,06825,226-94-1526,1989-02-04,1
81,Bing,Bartles,bbartles28@macromedia.com,3489 Burning Wood Hill,Fort Worth,TX,76121,760-04-1398,1989-11-04,1
83,Scarlet,Sharrem,ssharrem2a@java.com,90 Sundown Avenue,Mobile,AL,36670,151-09-6876,1992-04-03,1
85,Nicolai,Klimschak,nklimschak2c@upenn.edu,63 Stuart Street,Arlington,VA,22244,357-40-6317,1983-10-01,1
87,Wynny,Blose,wblose2e@boston.com,9 Florence Place,Honolulu,HI,96835,192-11-1777,1985-05-01,1
89,Truman,Bercher,tbercher2g@toplist.cz,405 Springs Street,Hayward,CA,94544,277-52-7806,1990-05-27,1
91,Gibb,Tuxwell,gtuxwell2i@friendfeed.com,95 Bunting Parkway,Beaverton,OR,97075,581-82-9539,1991-12-03,1
93,Glynis,Della,gdella2k@techcrunch.com,64237 Comanche Lane,Paterson,NJ,07505,504-75-5395,1984-11-25,1
95,Devinne,Hug,dhug2m@ustream.tv,4541 Division Parkway,Los Angeles,CA,90025,221-65-3424,1997-06-06,1
97,Cosetta,Olivazzi,colivazzi2o@elpais.com,78 Morrow Junction,Fresno,CA,93721,332-91-0250,1996-08-29,1
99,Bertram,Kornilov,bkornilov2q@etsy.com,63 Debra Avenue,Washington,DC,20057,191-49-1878,1982-02-01,1
101,Aigneis,Death,adeath2s@uol.com.br,2153 Pierstorff Road,Shreveport,LA,71105,531-56-7651,1990-08-12,1
103,Gustavo,Quilleash,gquilleash2u@addthis.com,836 Granby Crossing,New York City,NY,10203,669-12-5836,1995-12-30,1
105,Jan,Merfin,jmerfin2w@alibaba.com,4671 Summerview Alley,Harrisburg,PA,17140,732-06-5936,1988-09-02,1
107,Chip,Kilshall,ckilshall2y@admin.ch,7 Dryden Place,Norfolk,VA,23551,257-28-8771,1991-04-26,1
109,Dexter,Sandiland,dsandiland30@hhs.gov,56003 Bartelt Place,Warren,MI,48092,142-66-7499,1998-10-04,1
111,Cristabel,McVitty,cmcvitty32@google.com.br,7018 Maywood Court,Albuquerque,NM,87180,634-43-2558,1990-08-16,1
113,Archaimbaud,Borwick,aborwick34@harvard.edu,670 Sullivan Point,Tampa,FL,33694,209-20-9862,1990-04-25,1
115,Mollee,Sleicht,msleicht36@google.com.hk,771 Sloan Plaza,Johnson City,TN,37605,221-45-0922,1984-02-21,1
117,Gerty,Hugill,ghugill38@netvibes.com,9254 Talmadge Street,Tulsa,OK,74141,607-73-4819,1993-05-23,1
119,Malissia,Moller,mmoller3a@engadget.com,10432 Calypso Trail,Baton Rouge,LA,70805,667-13-0814,1984-03-12,1
121,Justen,Speirs,jspeirs3c@biblegateway.com,89484 Maple Wood Road,Houston,TX,77276,627-47-2724,1995-01-25,1
123,Donn,Piddlesden,dpiddlesden3e@amazonaws.com,06 Barnett Trail,Seattle,WA,98166,545-62-5555,1990-06-30,1
125,Conny,Mathew,cmathew3g@devhub.com,47 Clyde Gallagher Terrace,Saint Louis,MO,63116,795-46-1679,1982-09-02,1
127,Mal,Yaneev,myaneev3i@hugedomains.com,8138 Shasta Way,Orlando,FL,32813,115-39-4733,1987-12-27,1
129,Helaine,Caldayrou,hcaldayrou3k@sourceforge.net,04 Barby Center,Alpharetta,GA,30022,775-46-9034,1987-03-19,1
131,Maxim,Apple,mapple3m@youtube.com,216 Rockefeller Avenue,Chicago,IL,60609,788-08-7915,1987-08-15,1
133,Aubert,Basillon,abasillon3o@gravatar.com,1 Hoepker Plaza,Norfolk,VA,23514,890-40-3062,1996-08-06,1
135,Carly,Racine,cracine3q@yale.edu,88 Bunting Alley,Washington,DC,20575,103-50-7722,1985-06-13,1
137,Marlyn,Dumphry,mdumphry3s@phoca.cz,60 Vernon Park,Arvada,CO,80005,424-80-3990,1998-06-29,1
139,Alyosha,Causton,acauston3u@merriam-webster.com,20321 West Trail,Boston,MA,02203,501-18-1161,1986-12-14,1
141,Timmie,Faircley,tfaircley3w@storify.com,04 Duke Drive,Springfield,VA,22156,372-94-4388,1982-02-02,1
143,Loise,Raphael,lraphael3y@abc.net.au,46104 Tennessee Pass,Saint Paul,MN,55146,585-31-4743,1987-05-25,1
145,Clementia,Pacht,cpacht40@liveinternet.ru,0 Derek Lane,Duluth,GA,30096,790-08-7268,1988-12-02,1
147,Tammie,Cozins,tcozins42@flickr.com,3297 Delladonna Plaza,Lake Worth,FL,33462,186-02-2479,1996-09-04,1
149,Ab,Truitt,atruitt44@ftc.gov,339 Kensington Center,Wilmington,DE,19886,546-93-9944,1985-07-21,1
151,Arthur,Dable,adable46@netlog.com,44 Jackson Street,Rochester,NY,14619,446-43-3028,1982-10-18,1
153,Onfre,Brosio,obrosio48@illinois.edu,845 Melrose Place,Pensacola,FL,32575,832-82-8259,1985-12-04,1
155,Scottie,Catton,scatton4a@domainmarket.com,0484 Anderson Hill,Indianapolis,IN,46226,401-53-8714,1985-08-04,1
157,Mersey,Kiffe,mkiffe4c@fda.gov,709 Donald Lane,Minneapolis,MN,55407,656-44-9683,1981-07-08,1
159,Eberto,Dalzell,edalzell4e@imdb.com,897 Laurel Street,Pittsburgh,PA,15286,298-86-4072,1995-02-12,1
161,Conn,Possell,cpossell4g@cloudflare.com,3280 Holmberg Hill,Richmond,VA,23228,687-18-0393,1996-12-31,1
163,Amerigo,Couth,acouth4i@cmu.edu,86968 Green Junction,San Jose,CA,95113,822-45-7883,1987-07-26,1
165,Karisa,Kissick,kkissick4k@sakura.ne.jp,57 Village Circle,Memphis,TN,38150,886-42-8636,1997-09-04,1
167,Alis,Heis,aheis4m@artisteer.com,620 Gale Terrace,White Plains,NY,10606,303-89-8575,1996-11-09,1
169,Fayth,Whitemarsh,fwhitemarsh4o@tripod.com,0608 Declaration Circle,Portsmouth,NH,03804,349-67-0042,1998-07-27,1
171,Kettie,Winters,kwinters4q@bandcamp.com,20703 Utah Street,Dallas,TX,75397,353-72-6299,1987-01-21,1
173,Noami,Cristobal,ncristobal4s@biblegateway.com,8 Express Street,Reston,VA,22096,185-92-8425,1987-07-22,1
175,Seth,Pedrol,spedrol4u@google.nl,7272 Dorton Park,Peoria,IL,61656,328-18-5170,1985-12-31,1
177,Taite,Blum,tblum4w@cornell.edu,5 Hudson Place,Santa Barbara,CA,93111,499-96-5165,1994-01-11,1
179,Camala,Clench,cclench4y@dyndns.org,6 Cherokee Parkway,Corpus Christi,TX,78426,499-51-0476,1998-08-06,1
181,Orion,Lowcock,olowcock50@hp.com,02833 Tennyson Drive,Carol Stream,IL,60351,202-35-2951,1981-02-06,1
183,Tye,Lanmeid,tlanmeid52@infoseek.co.jp,95 Hauk Crossing,New Haven,CT,06538,218-74-4220,1990-03-07,1
185,Hettie,Bloxham,hbloxham54@examiner.com,67 Evergreen Point,Naples,FL,34114,686-99-3103,1987-07-14,1
187,Sherline,McKibbin,smckibbin56@wp.com,733 Dottie Street,Dayton,OH,45403,225-58-6308,1996-08-24,1
189,Abbye,Bailey,abailey58@blogspot.com,97 Carioca Point,El Paso,TX,79923,105-70-9297,1986-03-31,1
191,Bea,Abramin,babramin5a@google.com.hk,85 Vera Lane,Philadelphia,PA,19184,672-46-4705,1989-12-08,1
193,Tod,Crinson,tcrinson5c@umn.edu,089 Redwing Plaza,Everett,WA,98206,446-41-0251,1995-01-03,1
195,Corny,Wye,cwye5e@google.co.jp,451 Westend Plaza,Cleveland,OH,44105,749-14-5872,1987-06-28,1
197,Cristin,Goad,cgoad5g@odnoklassniki.ru,5967 Almo Circle,Las Vegas,NV,89120,420-27-3211,1992-08-12,1
199,Estel,Mohring,emohring5i@ning.com,14 Prentice Street,East Saint Louis,IL,62205,132-76-1984,1988-06-17,1
201,Albertine,Bidgod,abidgod5k@yandex.ru,167 Sutherland Parkway,Honolulu,HI,96840,177-91-1979,1999-08-19,1
203,Con,Featherby,cfeatherby5m@slideshare.net,44160 Loeprich Hill,Harrisburg,PA,17140,575-39-0491,1999-08-26,1
205,Toby,Mabbutt,tmabbutt5o@redcross.org,99701 Claremont Way,Peoria,IL,61635,525-11-5324,1999-06-25,1
207,Beau,Luckman,bluckman5q@china.com.cn,2600 Jay Court,Topeka,KS,66611,217-27-5714,1990-12-10,1
209,Harwilll,Spillman,hspillman5s@flickr.com,418 Brentwood Terrace,Whittier,CA,90605,886-08-3278,1998-03-06,1
211,Noni,Kelsow,nkelsow5u@behance.net,76882 Sauthoff Drive,Memphis,TN,38168,354-13-9928,1988-08-08,1
213,Tulley,Dorrins,tdorrins5w@businessinsider.com,5 Bayside Lane,Houston,TX,77045,739-13-9549,1998-09-05,1
215,Holden,Sands,hsands5y@java.com,92 Jay Way,Houston,TX,77228,443-40-1078,1984-08-13,1
217,Phillipp,Perrott,pperrott60@ezinearticles.com,2 Continental Point,Baltimore,MD,21281,643-07-4232,1998-09-22,1
219,Farleigh,Floodgate,ffloodgate62@nifty.com,95883 Shasta Plaza,Saint Louis,MO,63196,556-55-4464,1991-06-28,1
221,Crichton,Calvard,ccalvard64@ameblo.jp,6 Lukken Park,Tampa,FL,33605,471-77-4286,1989-12-14,1
223,Granger,McQuillin,gmcquillin66@mozilla.com,59313 Waywood Center,Phoenix,AZ,85053,631-37-6808,1986-06-09,1
225,Fara,Fussey,ffussey68@sourceforge.net,61 Loeprich Avenue,Orlando,FL,32808,671-62-6518,1983-09-18,1
227,Juan,Sandyford,jsandyford6a@about.me,7 Del Sol Pass,Oklahoma City,OK,73173,703-16-5041,1998-03-22,1
229,Cleavland,Fletcher,cfletcher6c@answers.com,60461 Thackeray Circle,Sacramento,CA,95865,168-56-3899,1980-11-08,1
231,Brewer,Avramow,bavramow6e@elegantthemes.com,749 Chive Trail,New York City,NY,10004,522-60-3642,1995-05-06,1
233,Karissa,McGeechan,kmcgeechan6g@webeden.co.uk,0 Hollow Ridge Junction,Levittown,PA,19058,761-58-0998,1980-12-08,1
235,Eugen,Sellers,esellers6i@dailymotion.com,8 Bobwhite Alley,Baton Rouge,LA,70826,803-13-0712,1989-09-17,1
237,Merola,Nudde,mnudde6k@shinystat.com,18 Straubel Terrace,Huntsville,AL,35895,633-94-9266,1993-08-21,1
239,Josselyn,Tanti,jtanti6m@google.fr,598 Grim Crossing,Lansing,MI,48930,449-59-9242,2000-06-21,1
241,Shayna,Lailey,slailey6o@dion.ne.jp,52 Arizona Road,Wichita,KS,67205,635-59-1789,1988-12-29,1
243,Cecile,Swalowe,cswalowe6q@hubpages.com,7315 Basil Court,Anderson,IN,46015,538-43-1264,1992-11-08,1
245,Caroljean,Greenstead,cgreenstead6s@example.com,43 John Wall Parkway,Jackson,TN,38308,673-73-2571,1980-07-30,1
247,Pieter,Streetley,pstreetley6u@liveinternet.ru,6 Huxley Lane,Sacramento,CA,94230,704-16-1530,1998-08-16,1
249,Loren,Bagott,lbagott6w@bloomberg.com,4 Stuart Junction,San Diego,CA,92132,889-84-9509,1987-02-26,1
251,Price,Lodwick,plodwick6y@gravatar.com,76 Summerview Lane,Columbus,MS,39705,498-15-1969,1993-02-25,1
253,Jamima,Calam,jcalam70@desdev.cn,42 Eggendart Pass,Fort Worth,TX,76178,409-50-7419,1998-11-29,1
255,Lucienne,Creswell,lcreswell72@engadget.com,04623 Moulton Alley,New Orleans,LA,70154,484-15-1534,1997-01-23,1
257,Clemmy,Tumelty,ctumelty74@businessweek.com,61 American Ash Street,Minneapolis,MN,55448,835-66-8837,1983-05-26,1
259,Artur,Jesteco,ajesteco76@tiny.cc,55392 8th Parkway,Lubbock,TX,79415,326-85-9727,1993-09-22,1
261,Leora,Coils,lcoils78@ning.com,03608 Stang Alley,Shawnee Mission,KS,66210,477-80-8410,1984-09-16,1
263,Beatriz,Eicheler,beicheler7a@photobucket.com,713 Kingsford Place,Richmond,VA,23293,876-83-4459,1989-10-22,1
265,Pierette,Georgievski,pgeorgievski7c@soup.io,7648 Surrey Park,Little Rock,AR,72231,689-76-7249,1997-06-25,1
267,Derwin,Beetlestone,dbeetlestone7e@dion.ne.jp,12 Redwing Hill,Yonkers,NY,10705,492-53-9188,1983-03-31,1
269,Zora,Weetch,zweetch7g@shutterfly.com,4620 Eggendart Place,Philadelphia,PA,19141,163-09-9619,1988-03-16,1
271,Vergil,Ingarfield,vingarfield7i@ca.gov,926 Walton Place,Clearwater,FL,33763,159-11-9913,1995-05-01,1
273,Juanita,Tute,jtute7k@vkontakte.ru,48 Westport Road,Los Angeles,CA,90015,797-89-4773,1983-12-15,1
275,Sioux,Hallibone,shallibone7m@biglobe.ne.jp,066 Independence Trail,Pasadena,CA,91186,536-74-9485,1996-07-29,1
277,Byrann,Linton,blinton7o@elegantthemes.com,4 Golden Leaf Trail,Miami,FL,33245,808-48-9270,1999-03-23,1
279,Wang,Everwin,weverwin7q@freewebs.com,146 Mcguire Crossing,Fort Smith,AR,72916,751-82-5039,1997-09-15,1
281,Lu,Wand,lwand7s@thetimes.co.uk,39830 Grasskamp Pass,Brooklyn,NY,11247,665-21-6223,1998-04-07,1
283,Dilly,Pickance,dpickance7u@de.vu,4 Oneill Park,Elmira,NY,14905,626-21-6165,1992-12-14,1
285,Lanny,Dmitrievski,ldmitrievski7w@vistaprint.com,9739 Eastlawn Terrace,Milwaukee,WI,53234,121-02-6092,1980-07-26,1
287,Kristos,Edwardson,kedwardson7y@hibu.com,184 Dwight Pass,Santa Rosa,CA,95405,481-55-9744,1996-06-29,1
289,Germain,Bromby,gbromby80@cam.ac.uk,0 Starling Parkway,Salt Lake City,UT,84130,157-50-3708,1987-03-30,1
291,Ninon,Sneddon,nsneddon82@csmonitor.com,613 Farragut Street,Hartford,CT,06120,782-88-6556,1997-04-10,1
293,Edwina,Boxe,eboxe84@geocities.com,62 Cody Point,Saint Louis,MO,63158,827-52-6576,1992-05-20,1
295,Palm,Chipperfield,pchipperfield86@addthis.com,417 Steensland Drive,Mobile,AL,36628,205-13-1262,1987-01-09,1
297,Leonie,Novakovic,lnovakovic88@reuters.com,9 Holmberg Hill,New Orleans,LA,70154,672-82-6238,1990-03-22,1
299,Ailis,Rosten,arosten8a@usatoday.com,43701 Shoshone Court,Seattle,WA,98148,318-11-3974,1982-11-14,1
301,Nero,Pharro,npharro8c@godaddy.com,0 Harbort Junction,Toledo,OH,43615,248-76-3841,1985-03-27,1
303,Dorice,Faivre,dfaivre8e@wunderground.com,9122 Havey Alley,Birmingham,AL,35279,332-53-2423,1984-02-25,1
305,Tansy,Puddifer,tpuddifer8g@mapquest.com,41512 Lotheville Alley,Sacramento,CA,94207,116-62-7450,1992-07-09,1
307,Kittie,Overy,kovery8i@mit.edu,03 Alpine Way,Glendale,CA,91210,823-79-7574,1992-08-23,1
309,Cris,Fossick,cfossick8k@who.int,543 Arkansas Drive,Austin,TX,78715,203-43-9121,1981-11-02,1
311,Meggie,Bertie,mbertie8m@ted.com,5 Canary Avenue,Santa Monica,CA,90410,727-51-5832,1995-01-10,1
313,Berget,Leist,bleist8o@paginegialle.it,47 Oakridge Way,Wichita,KS,67215,717-30-3789,1985-03-03,1
315,Dena,Wilprecht,dwilprecht8q@exblog.jp,988 Golden Leaf Lane,Minneapolis,MN,55458,436-82-7721,1988-10-20,1
317,Stanleigh,Shovelbottom,sshovelbottom8s@aboutads.info,2 Pepper Wood Parkway,Washington,DC,20022,110-21-5960,1999-09-06,1
319,Quentin,Kopf,qkopf8u@ocn.ne.jp,77321 Logan Circle,Lancaster,CA,93584,422-80-4914,1995-08-06,1
321,Ethelred,Gearty,egearty8w@ning.com,4937 Little Fleur Parkway,Minneapolis,MN,55402,199-73-0016,1998-02-03,1
323,Liuka,Truckett,ltruckett8y@comcast.net,115 Valley Edge Terrace,San Bernardino,CA,92415,515-77-8740,1987-02-11,1
325,Grantley,Rack,grack90@a8.net,1303 Jackson Parkway,Colorado Springs,CO,80920,368-90-5888,1983-01-31,1
327,Ryann,Tribe,rtribe92@amazon.co.uk,99 Mayfield Lane,Birmingham,AL,35210,118-51-4887,1984-02-19,1
329,Bernadine,Allwright,ballwright94@drupal.org,85 Eagan Point,Hartford,CT,06183,722-37-3079,1987-04-16,1
331,Devlin,Magor,dmagor96@networksolutions.com,69 High Crossing Crossing,Salt Lake City,UT,84110,867-33-9596,1985-07-02,1
333,Fidelity,Foulsham,ffoulsham98@ihg.com,28 Debra Place,Los Angeles,CA,90189,199-88-7064,1990-02-19,1
335,Maisie,Waple,mwaple9a@hexun.com,582 Mariners Cove Terrace,Amarillo,TX,79105,433-94-6465,1987-06-09,1
337,Clayborn,Basey,cbasey9c@ameblo.jp,6103 Manitowish Crossing,Toledo,OH,43666,154-94-2642,1990-07-05,1
339,Pauli,Harrington,pharrington9e@smh.com.au,5265 Sachs Junction,Dallas,TX,75260,529-93-1414,1997-05-03,1
341,Lavinia,Christon,lchriston9g@constantcontact.com,64 Superior Hill,Fort Wayne,IN,46896,291-11-3132,1994-10-22,1
343,Arlena,Runnalls,arunnalls9i@webmd.com,6 Moland Avenue,Lansing,MI,48930,861-07-6770,1993-02-12,1
345,Sander,MacCague,smaccague9k@cisco.com,6 Emmet Park,Santa Ana,CA,92705,792-80-9900,1983-11-10,1
347,Kizzee,Lerner,klerner9m@xing.com,4897 Ilene Park,Montgomery,AL,36119,736-56-1978,1992-11-14,1
349,Maxim,Patise,mpatise9o@nsw.gov.au,9110 Manitowish Trail,Seminole,FL,34642,599-89-2765,1996-11-08,1
351,Sherye,Macauley,smacauley9q@timesonline.co.uk,010 Bashford Terrace,Kansas City,MO,64179,743-87-2435,1988-03-08,1
353,Karly,Spera,kspera9s@aol.com,826 Bobwhite Road,Topeka,KS,66642,395-21-1732,1997-11-04,1
355,Diena,Kliner,dkliner9u@amazon.com,1 Russell Court,Athens,GA,30610,734-71-2551,1981-06-17,1
357,Tonie,Abrahamian,tabrahamian9w@ft.com,989 Calypso Drive,Rockford,IL,61105,184-87-2041,1992-07-28,1
359,Damien,Wilden,dwilden9y@intel.com,10645 Sunbrook Street,Santa Ana,CA,92725,813-85-0017,1991-07-16,1
361,Guthry,Dabs,gdabsa0@buzzfeed.com,0210 Hollow Ridge Place,Newark,DE,19714,469-77-4927,1993-02-02,1
363,Svend,Gueinn,sgueinna2@google.it,5574 Lien Circle,San Antonio,TX,78250,377-09-1550,1981-06-09,1
365,Waly,Rameau,wrameaua4@tinyurl.com,024 Donald Avenue,San Antonio,TX,78240,112-04-5072,1995-05-24,1
367,Dale,Korejs,dkorejsa6@phpbb.com,599 Westridge Hill,Decatur,GA,30033,368-79-2361,1993-03-24,1
369,Rachel,Jacobovitz,rjacobovitza8@bluehost.com,77786 Cordelia Point,Topeka,KS,66611,733-44-3522,1985-10-08,1
371,Elita,Hyder,ehyderaa@sourceforge.net,9834 Mendota Circle,Reno,NV,89550,612-42-1786,1992-01-15,1
373,Lem,Geeraert,lgeeraertac@pbs.org,973 Fair Oaks Road,New York City,NY,10029,774-68-8504,1989-07-26,1
375,Willi,Walduck,wwalduckae@creativecommons.org,94396 Anhalt Hill,Tucson,AZ,85725,260-78-8676,1986-01-12,1
377,Christabella,Paige,cpaigeag@howstuffworks.com,78366 Harper Point,Baltimore,MD,21281,302-43-6241,1985-08-22,1
379,Dot,Print,dprintai@scientificamerican.com,1370 Maple Alley,Van Nuys,CA,91411,239-22-3855,1988-04-01,1
381,Lilyan,Wathall,lwathallak@exblog.jp,71570 Tony Park,Bakersfield,CA,93305,664-20-1680,1992-03-20,1
383,Consuelo,Garr,cgarram@admin.ch,0 Killdeer Avenue,Indianapolis,IN,46247,801-26-2737,1980-08-29,1
385,Augie,Belch,abelchao@acquirethisname.com,9383 Doe Crossing Center,Clearwater,FL,33758,822-11-8835,1989-05-20,1
387,Issiah,Egar,iegaraq@scribd.com,575 Sommers Drive,Baltimore,MD,21275,572-76-4765,1998-08-11,1
389,Welsh,Heningam,wheningamas@forbes.com,8 Service Court,Orange,CA,92862,514-38-6291,1992-02-29,1
391,Nariko,Fancott,nfancottau@yellowpages.com,716 Burning Wood Alley,Harrisburg,PA,17105,286-13-7490,1997-09-28,1
393,Kata,Lefort,klefortaw@moonfruit.com,4104 Montana Center,Nashville,TN,37235,259-05-1972,1980-11-15,1
395,Joanna,Mann,jmannay@gnu.org,385 Florence Point,San Francisco,CA,94177,683-45-0418,1986-03-01,1
397,Klemens,Urion,kurionb0@free.fr,9 Harper Hill,Springfield,IL,62718,211-54-2243,1993-02-12,1
399,Nicola,Vondrach,nvondrachb2@cbslocal.com,7369 Melby Drive,San Francisco,CA,94159,218-81-9465,1999-01-15,1
401,Mata,Kneebone,mkneeboneb4@facebook.com,7 Everett Parkway,Washington,DC,20535,747-55-4923,1994-12-25,1
403,Gian,Leighfield,gleighfieldb6@nydailynews.com,72 Corscot Junction,Nashville,TN,37240,577-59-9915,1981-09-29,1
405,Chiquita,Royce,croyceb8@naver.com,596 Haas Place,Lubbock,TX,79405,427-69-2148,1989-02-07,1
407,Mathian,Wickes,mwickesba@godaddy.com,0950 Kensington Park,Chicago,IL,60619,386-02-3098,1987-12-04,1
409,Ameline,Staniford,astanifordbc@jimdo.com,433 Nelson Plaza,Washington,DC,20215,119-93-6105,1996-06-28,1
411,Sadie,Gair,sgairbe@blogspot.com,789 7th Place,Tampa,FL,33680,418-51-2559,1996-10-15,1
413,Katine,Alten,kaltenbg@epa.gov,42781 Macpherson Alley,Nashville,TN,37235,740-65-0545,1994-10-23,1
415,Care,Teasell,cteasellbi@gov.uk,8541 Mandrake Park,Conroe,TX,77305,698-82-2476,1986-08-27,1
417,Jaclyn,Kingswoode,jkingswoodebk@intel.com,54582 Scofield Crossing,Birmingham,AL,35210,521-91-2313,1993-07-14,1
419,Tamara,Polet,tpoletbm@wordpress.org,5608 Hansons Hill,Knoxville,TN,37939,360-71-8447,1984-03-02,1
421,Selestina,Izen,sizenbo@google.co.uk,864 Loeprich Drive,Washington,DC,20205,130-52-8040,1984-01-05,1
423,Farrah,Scholcroft,fscholcroftbq@dmoz.org,783 Derek Crossing,Saint Paul,MN,55115,531-60-3003,1991-09-19,1
425,Conney,Bines,cbinesbs@umich.edu,62 Aberg Way,Sacramento,CA,94245,241-49-3420,1986-12-12,1
427,Brennan,Bunten,bbuntenbu@github.com,553 Meadow Valley Street,Wilmington,DE,19892,352-32-6482,1984-04-24,1
429,Solly,Anthill,santhillbw@europa.eu,504 Fisk Street,Miami,FL,33233,678-65-4944,1985-09-09,1
431,Robbi,Rubberts,rrubbertsby@123-reg.co.uk,765 Mcguire Way,Lake Charles,LA,70607,157-72-6175,1983-05-20,1
433,Kacie,Valder,kvalderc0@is.gd,6 Express Circle,Omaha,NE,68117,286-64-2715,1980-06-29,1
435,Gerhardine,Flude,gfludec2@adobe.com,3948 Anzinger Terrace,Washington,DC,20210,781-68-8052,1998-04-22,1
437,Taryn,Rumke,trumkec4@stanford.edu,20105 Summit Place,San Antonio,TX,78225,489-57-2802,1984-05-21,1
439,Kerry,Dik,kdikc6@wiley.com,112 Westend Terrace,Montgomery,AL,36114,835-32-9225,1997-12-13,1
441,Mill,Blucher,mblucherc8@ezinearticles.com,61124 Michigan Crossing,Fresno,CA,93778,679-57-7635,1988-10-18,1
443,Lori,Ginnaly,lginnalyca@indiatimes.com,5957 Clyde Gallagher Drive,Knoxville,TN,37995,319-23-8015,1982-09-10,1
445,Cordy,Solomon,csolomoncc@yellowpages.com,527 Maple Wood Parkway,San Diego,CA,92105,235-77-9522,1982-12-13,1
447,Gordon,Gutridge,ggutridgece@xinhuanet.com,100 Corry Crossing,Wilkes Barre,PA,18706,733-18-5053,1997-11-29,1
449,Marillin,Jacques,mjacquescg@spiegel.de,192 Sachs Terrace,Canton,OH,44760,661-88-5262,1982-06-03,1
451,Joscelin,Stennine,jstennineci@com.com,6 Veith Court,Green Bay,WI,54305,826-29-2926,1994-07-02,1
453,Cathi,Brute,cbruteck@sciencedaily.com,9453 Manitowish Hill,Austin,TX,78749,252-79-4296,1989-01-03,1
455,Sophronia,Maywood,smaywoodcm@ted.com,5 Dawn Plaza,Houston,TX,77266,789-51-1845,1995-06-30,1
457,Sonny,Larmouth,slarmouthco@blogtalkradio.com,8 Manufacturers Avenue,Kansas City,MO,64136,328-70-4634,1995-08-25,1
459,Hurley,Van de Castele,hvandecastelecq@topsy.com,0373 Mariners Cove Way,San Angelo,TX,76905,127-82-6172,1991-11-24,1
461,Abe,Trowbridge,atrowbridgecs@ucla.edu,6 Daystar Way,Dallas,TX,75260,663-45-6220,1999-06-07,1
463,Shayla,Pickton,spicktoncu@devhub.com,949 Del Mar Parkway,Kansas City,MO,64142,694-92-4290,1995-07-13,1
465,Quint,Lucock,qlucockcw@lulu.com,15 Mallard Way,Colorado Springs,CO,80910,229-40-8488,1985-12-02,1
467,Maitilde,Walls,mwallscy@cam.ac.uk,82 Texas Street,New York City,NY,10004,182-36-3899,1999-03-31,1
469,Dall,Ourry,dourryd0@pbs.org,630 Independence Trail,Brooksville,FL,34605,856-85-2139,1987-03-10,1
471,Mimi,Covil,mcovild2@dagondesign.com,1 Delaware Hill,Irvine,CA,92619,599-04-6441,1987-10-23,1
473,Selestina,McNickle,smcnickled4@hibu.com,910 Merchant Drive,Garden Grove,CA,92844,878-62-9267,1997-06-24,1
475,Erick,Ciccetti,eciccettid6@livejournal.com,61 Summerview Drive,Atlanta,GA,30340,744-70-5617,1984-08-05,1
477,Rosie,Rampage,rrampaged8@dion.ne.jp,4566 Hansons Court,York,PA,17405,218-17-0660,1993-03-14,1
479,Baxie,Bertot,bbertotda@cdbaby.com,0589 Grover Street,Bethesda,MD,20816,491-20-9217,1982-08-09,1
481,Sheree,Lethbury,slethburydc@hexun.com,9772 Hintze Alley,Springfield,IL,62794,472-69-8084,1982-07-22,1
483,Wesley,Castagna,wcastagnade@vistaprint.com,0 Huxley Crossing,Mobile,AL,36689,157-63-1080,1992-03-25,1
485,Lindsay,Dallow,ldallowdg@aboutads.info,571 Debra Lane,Salt Lake City,UT,84110,170-23-3207,1983-08-05,1
487,Gertrudis,Litzmann,glitzmanndi@gnu.org,96792 Stone Corner Trail,Cincinnati,OH,45271,898-89-8064,1984-08-27,1
489,Janaya,Mutter,jmutterdk@smh.com.au,3 Anthes Parkway,Tuscaloosa,AL,35405,276-87-3297,1997-05-15,1
491,Tonie,Rossander,trossanderdm@dion.ne.jp,9 Mendota Junction,New Orleans,LA,70124,812-84-4003,1998-12-07,1
493,Hilde,Orvis,horvisdo@aol.com,7 Farmco Parkway,Columbia,SC,29225,178-04-4817,1992-06-13,1
495,Tara,Mazzilli,tmazzillidq@psu.edu,22722 Sunfield Pass,Fresno,CA,93740,652-59-3277,1988-06-29,1
497,Moore,Prescote,mprescoteds@senate.gov,3228 Fremont Park,North Las Vegas,NV,89087,269-23-9113,1998-02-01,1
499,Gilles,Utton,guttondu@photobucket.com,85 Monument Trail,Shawnee Mission,KS,66276,220-45-8295,1983-01-24,1
501,Brigida,Ferson,bfersondw@shareasale.com,9 Coolidge Lane,San Francisco,CA,94110,231-53-0668,1991-02-09,1
503,Hillard,Champkins,hchampkinsdy@furl.net,6 Annamark Drive,Young America,MN,55557,222-76-1188,1996-01-21,1
505,Constancia,Espino,cespinoe0@hubpages.com,8429 Hollow Ridge Junction,Houston,TX,77276,255-44-8710,1986-12-05,1
507,Wilton,Aimable,waimablee2@technorati.com,96881 Evergreen Parkway,Nashville,TN,37220,762-34-2231,1997-12-20,1
509,Kev,Picheford,kpicheforde4@sakura.ne.jp,2 Lukken Avenue,Oakland,CA,94660,192-02-2617,1982-08-14,1
511,Debra,Sewley,dsewleye6@vk.com,479 Rusk Terrace,El Paso,TX,79940,109-10-6383,1984-03-02,1
513,Maximo,Corcoran,mcorcorane8@sun.com,70229 Blaine Plaza,Tacoma,WA,98464,641-16-5890,1999-05-10,1
515,Mel,Rodder,mrodderea@t.co,77 Birchwood Drive,Florence,SC,29505,520-58-7366,1982-10-11,1
517,Gregorio,Woodley,gwoodleyec@businessweek.com,05982 Sage Crossing,Knoxville,TN,37931,691-92-9886,1996-09-21,1
519,Osmond,Sweetman,osweetmanee@fc2.com,78881 Esker Hill,Tulsa,OK,74184,131-37-0138,1981-05-22,1
521,Ophelie,Snelman,osnelmaneg@cyberchimps.com,1570 Bartelt Point,Pompano Beach,FL,33064,147-53-0776,1996-04-22,1
523,Cristine,Cornfoot,ccornfootei@unblog.fr,17 Sunbrook Center,Tallahassee,FL,32304,779-84-4798,1987-10-31,1
525,Twila,Rodnight,trodnightek@meetup.com,794 Warrior Hill,Arlington,VA,22234,260-55-2913,1997-07-18,1
527,Karry,Moggle,kmoggleem@google.ca,35623 Chive Terrace,Topeka,KS,66622,705-86-9350,1997-08-16,1
529,Annabella,Hedingham,ahedinghameo@newsvine.com,94012 Linden Pass,Wilmington,DE,19805,598-36-7005,1997-12-29,1
531,Paulie,Wharram,pwharrameq@google.co.uk,6 Summerview Drive,Madison,WI,53790,104-50-7284,1999-04-16,1
533,Vidovik,Rex,vrexes@washingtonpost.com,9635 2nd Circle,Clearwater,FL,34629,871-49-3446,1993-06-06,1
535,Somerset,Checcuzzi,scheccuzzieu@geocities.com,44084 Red Cloud Way,San Francisco,CA,94126,618-67-1771,1998-07-28,1
537,Kitti,Grover,kgroverew@de.vu,3 Corry Junction,Winston Salem,NC,27150,746-06-4890,1984-07-29,1
539,Phaidra,Krzyzowski,pkrzyzowskiey@sphinn.com,8227 Bunker Hill Trail,Charleston,WV,25389,295-55-9297,1994-01-10,1
541,Cullen,Dexter,cdexterf0@netscape.com,76421 School Place,Huntsville,AL,35805,279-85-9814,2000-01-18,1
543,Carolynn,Gilkison,cgilkisonf2@indiegogo.com,774 Graedel Drive,Des Moines,IA,50362,336-49-6459,1984-04-12,1
545,Eldredge,Dagon,edagonf4@theglobeandmail.com,7 Declaration Street,West Palm Beach,FL,33416,130-74-5061,1984-12-27,1
547,Ettie,Engley,eengleyf6@vk.com,5 Lunder Center,Richmond,VA,23285,608-35-4138,1993-02-07,1
549,Natala,Alvarado,nalvaradof8@virginia.edu,404 Buhler Center,Tucson,AZ,85743,604-83-8200,1990-04-08,1
551,Peyter,Skune,pskunefa@creativecommons.org,0 Sullivan Junction,Odessa,TX,79764,111-36-7820,1985-12-25,1
553,Thaddus,Mabbitt,tmabbittfc@bing.com,85779 Jana Alley,Littleton,CO,80126,249-59-8628,1997-02-27,1
555,Clovis,Halfacre,chalfacrefe@yale.edu,48 Southridge Pass,San Francisco,CA,94132,251-68-3176,1991-12-12,1
557,Michal,Campana,mcampanafg@bravesites.com,19822 Summerview Lane,Plano,TX,75074,119-07-6677,1981-10-09,1
559,Rebekah,Allgood,rallgoodfi@blog.com,6146 Hagan Street,Aiken,SC,29805,140-19-4297,1992-11-22,1
561,Shantee,Teasdale-Markie,steasdalemarkiefk@surveymonkey.com,153 Pepper Wood Way,Provo,UT,84605,830-88-3176,1990-07-18,1
563,Alistair,Gandy,agandyfm@istockphoto.com,6 Delladonna Road,Delray Beach,FL,33448,790-87-6218,1980-11-21,1
565,Roxie,Woolvett,rwoolvettfo@indiegogo.com,259 Bluejay Pass,Albuquerque,NM,87121,205-82-0745,1982-05-02,1
567,Dina,Simioni,dsimionifq@ftc.gov,84 Schlimgen Trail,Hialeah,FL,33018,464-46-1888,1991-10-24,1
569,Albertina,Stevani,astevanifs@ed.gov,24168 Dawn Drive,Santa Monica,CA,90410,471-53-9720,1994-08-27,1
571,Edeline,Bohlens,ebohlensfu@columbia.edu,96 Blaine Lane,Woburn,MA,01813,153-40-3831,1989-10-17,1
573,Horten,Langsbury,hlangsburyfw@state.tx.us,08063 Ohio Parkway,Durham,NC,27717,749-22-0911,1991-12-31,1
575,Carolee,Spedding,cspeddingfy@live.com,5181 Vahlen Road,Pittsburgh,PA,15255,212-26-1019,1980-07-04,1
577,Lyn,Spencley,lspencleyg0@technorati.com,80 Talisman Junction,Trenton,NJ,08695,433-83-2677,1992-03-27,1
579,Beryl,Simms,bsimmsg2@cbc.ca,272 School Alley,Wilmington,DE,19897,770-04-9665,1995-08-06,1
581,Hermon,Laidlow,hlaidlowg4@imageshack.us,9531 Superior Park,Charleston,WV,25305,201-83-2623,1996-06-07,1
583,Olin,Claridge,oclaridgeg6@domainmarket.com,3076 Hintze Center,Phoenix,AZ,85067,609-27-0032,1990-11-10,1
585,Almeria,Jankovic,ajankovicg8@blinklist.com,7771 Shopko Pass,Sarasota,FL,34233,211-25-4959,1994-12-22,1
587,Alastair,Blinder,ablinderga@home.pl,7900 Esch Drive,San Francisco,CA,94147,233-78-8537,1983-12-10,1
589,Feliza,Braney,fbraneygc@chicagotribune.com,72 Hagan Drive,Young America,MN,55551,850-53-2009,1985-10-13,1
591,Matias,Ginglell,mginglellge@oracle.com,161 Holy Cross Junction,Pocatello,ID,83206,823-26-5557,1982-01-23,1
593,Katey,Neubigin,kneubigingg@qq.com,4 Bartillon Lane,Pompano Beach,FL,33069,129-19-3576,1998-01-10,1
595,Frannie,Mattersley,fmattersleygi@elegantthemes.com,022 Granby Court,Annapolis,MD,21405,386-81-2378,1994-07-20,1
597,Goldarina,Hartin,ghartingk@examiner.com,79978 Havey Alley,Decatur,IL,62525,774-17-0340,1982-06-25,1
599,Christal,Leborgne,cleborgnegm@skyrock.com,7721 Susan Court,Brockton,MA,02405,196-14-2026,1989-01-30,1
601,Pincus,Lepard,plepardgo@nbcnews.com,831 Corscot Parkway,Long Beach,CA,90831,217-40-9261,1984-01-08,1
603,Catie,Artist,cartistgq@yahoo.com,86500 Crest Line Lane,Fort Worth,TX,76198,589-49-0122,1984-08-18,1
605,Ailina,Rosenfrucht,arosenfruchtgs@cam.ac.uk,80 Anderson Terrace,Beaumont,TX,77713,716-98-0266,1984-03-29,1
607,Prisca,Haw,phawgu@intel.com,98420 Anderson Road,Peoria,AZ,85383,696-55-4435,1989-02-17,1
609,Osgood,Rowles,orowlesgw@scientificamerican.com,42301 Bultman Pass,Los Angeles,CA,90005,101-51-6974,1987-08-19,1
611,Roxanne,Thomerson,rthomersongy@constantcontact.com,7978 Monica Junction,Saint Louis,MO,63167,497-66-3496,1999-07-11,1
613,Lonny,Thorsby,lthorsbyh0@deviantart.com,74567 Barby Point,Portland,OR,97229,401-94-4668,1998-06-25,1
615,Abelard,Mollen,amollenh2@independent.co.uk,6 Washington Junction,Miami,FL,33134,807-28-8501,1997-01-26,1
617,Mair,Skegg,mskeggh4@gizmodo.com,3 Ryan Street,Tampa,FL,33620,143-38-3071,1993-10-24,1
619,Vevay,Bartens,vbartensh6@europa.eu,806 Haas Circle,Detroit,MI,48295,502-30-3024,1993-04-06,1
621,Haskell,Skill,hskillh8@comcast.net,0913 Melody Point,Portland,OR,97296,738-35-8705,1987-02-04,1
623,Peria,Sandall,psandallha@nydailynews.com,7 Sherman Terrace,Miami,FL,33134,244-37-0285,1984-01-28,1
625,Madison,Bexley,mbexleyhc@flavors.me,45 Milwaukee Point,New York City,NY,10009,829-37-6111,1988-02-10,1
627,Vince,Garry,vgarryhe@rambler.ru,839 Warrior Court,Lubbock,TX,79415,557-94-8147,1989-07-26,1
629,Hildagarde,Almak,halmakhg@virginia.edu,3888 Clarendon Terrace,Richmond,VA,23277,245-33-2785,1989-05-14,1
631,Thatcher,Prenty,tprentyhi@mlb.com,113 Ridgeway Center,Minneapolis,MN,55428,204-14-2191,1986-03-09,1
633,Nariko,Geillier,ngeillierhk@elegantthemes.com,76 Dixon Alley,Mobile,AL,36641,507-75-6329,1984-08-16,1
635,Jeddy,Warnes,jwarneshm@abc.net.au,8 Lukken Circle,Washington,DC,20599,826-29-4649,1982-04-08,1
637,Kingsley,Hallyburton,khallyburtonho@a8.net,90817 Sloan Place,Stamford,CT,06922,220-01-3609,1986-12-28,1
639,Lemuel,Karpushkin,lkarpushkinhq@blogspot.com,673 Brickson Park Alley,Hartford,CT,06183,742-36-4589,2000-02-20,1
641,Germain,Jewers,gjewershs@macromedia.com,03675 Morning Road,Erie,PA,16522,155-25-1629,1984-07-09,1
643,Terrance,Dominicacci,tdominicaccihu@mlb.com,1 Starling Alley,Springfield,IL,62776,771-80-8874,2000-06-11,1
645,Waite,Tuff,wtuffhw@ask.com,926 Oak Terrace,Berkeley,CA,94712,342-85-2273,1982-04-06,1
647,Adelind,Logan,aloganhy@nymag.com,17861 Arizona Center,Port Charlotte,FL,33954,292-47-6936,1993-08-15,1
649,Carlynn,Calfe,ccalfei0@csmonitor.com,898 Oxford Court,Washington,DC,20580,278-15-3642,1994-06-06,1
651,Dukie,Patchett,dpatchetti2@dmoz.org,433 Graceland Street,Macon,GA,31210,249-98-7665,1990-03-02,1
653,Adler,Helliwell,ahelliwelli4@mail.ru,16 Hayes Place,El Paso,TX,79994,372-12-1895,1990-05-10,1
655,Stephannie,Ravenhills,sravenhillsi6@reddit.com,9 Nancy Road,Cincinnati,OH,45233,698-21-1967,1983-03-09,1
657,Sullivan,Shatford,sshatfordi8@google.ru,598 Brickson Park Trail,Fort Smith,AR,72905,307-24-9351,1995-11-02,1
659,Crawford,Deluca,cdelucaia@ezinearticles.com,4443 Ridgeway Alley,San Antonio,TX,78225,620-94-1782,1994-01-06,1
661,Jase,Lehrle,jlehrleic@opera.com,704 Debs Hill,Monticello,MN,55590,473-30-4637,1981-11-19,1
663,Gusta,Firmager,gfirmagerie@scientificamerican.com,7 Sheridan Street,Jamaica,NY,11470,533-72-0312,1998-06-07,1
665,Chelsie,Lung,clungig@dailymail.co.uk,8 Clarendon Drive,Scottsdale,AZ,85255,287-72-3093,1992-06-17,1
667,Jolie,Yakubov,jyakubovii@nasa.gov,46 Warner Alley,Washington,DC,20016,751-54-9024,1996-06-17,1
669,Fiann,Tute,ftuteik@opensource.org,4462 Nobel Trail,Dulles,VA,20189,316-75-4893,1982-09-23,1
671,Vonny,Peacey,vpeaceyim@nydailynews.com,06 Northland Terrace,Brockton,MA,02405,185-57-6199,1995-12-30,1
673,Ole,Corn,ocornio@cbc.ca,516 Londonderry Parkway,Fort Lauderdale,FL,33305,302-08-2987,1980-12-19,1
675,Talia,Stoffel,tstoffeliq@amazon.co.jp,7 Weeping Birch Pass,Charlottesville,VA,22908,637-78-1118,1983-09-16,1
677,Florette,Daniely,fdanielyis@ning.com,9387 Bunting Street,Madison,WI,53710,314-94-2808,1994-10-08,1
679,Joellyn,Chattock,jchattockiu@tiny.cc,34 Summit Parkway,Pasadena,CA,91131,894-43-1552,1981-12-20,1
681,Farleigh,Ackenson,fackensoniw@bluehost.com,574 Stang Junction,Albuquerque,NM,87121,139-04-8134,1984-05-26,1
683,Dom,Helks,dhelksiy@networkadvertising.org,66 Texas Way,Littleton,CO,80161,341-31-2893,1994-04-07,1
685,Vinnie,Mcall,vmcallj0@dyndns.org,3 Pierstorff Avenue,San Francisco,CA,94110,492-65-2002,1995-06-26,1
687,Suzy,Prestidge,sprestidgej2@themeforest.net,93076 Pawling Way,Cincinnati,OH,45254,550-80-6684,1998-12-26,1
689,Pietra,Vizor,pvizorj4@scientificamerican.com,4 Green Ridge Road,Cincinnati,OH,45233,465-37-4915,1991-02-03,1
691,Parnell,Goff,pgoffj6@trellian.com,1 Sunnyside Parkway,New Orleans,LA,70179,104-46-2149,1981-08-31,1
693,Christiane,Fidelli,cfidellij8@ask.com,23178 Melby Court,Cincinnati,OH,45249,695-12-3453,1980-11-29,1
695,Bonnie,Bartolommeo,bbartolommeoja@wunderground.com,34 Lotheville Avenue,Honolulu,HI,96805,523-46-1895,1998-08-08,1
697,Bron,Lapthorne,blapthornejc@bloglovin.com,64466 Meadow Valley Lane,Winston Salem,NC,27116,211-19-5398,1991-10-15,1
699,Byran,Williscroft,bwilliscroftje@hp.com,4 Glendale Way,Nashville,TN,37220,655-30-2040,1988-03-19,1
701,Yorker,Philippson,yphilippsonjg@51.la,6 Northview Lane,Hampton,VA,23668,104-26-8821,1987-06-14,1
703,Madel,Pilfold,mpilfoldji@yellowbook.com,0122 Basil Place,Dayton,OH,45490,717-77-9359,1989-08-03,1
705,Ericha,Sinton,esintonjk@cnbc.com,55 Canary Junction,Sacramento,CA,95828,734-43-3511,1986-08-06,1
707,Darrel,Goburn,dgoburnjm@timesonline.co.uk,53 Almo Circle,Washington,DC,20078,838-71-5960,1980-10-02,1
709,Evania,Dow,edowjo@cargocollective.com,0756 2nd Street,Sioux City,IA,51110,729-58-0666,1992-05-01,1
711,Alyda,Chainey,achaineyjq@washingtonpost.com,21 Moose Avenue,Glendale,AZ,85305,506-10-8680,1992-02-18,1
713,Nickolai,Bea,nbeajs@over-blog.com,005 Dwight Street,Columbus,OH,43204,115-35-9721,1994-03-02,1
715,Langsdon,Stanlack,lstanlackju@google.it,83 Basil Plaza,Phoenix,AZ,85020,593-66-5005,1987-11-01,1
717,Nat,Northridge,nnorthridgejw@xrea.com,4 Anthes Park,Winter Haven,FL,33884,367-77-0219,1995-09-25,1
719,Audra,Gross,agrossjy@a8.net,72 Utah Terrace,Baltimore,MD,21275,334-83-6647,1991-07-12,1
721,Bobbe,Bagby,bbagbyk0@go.com,72 Lunder Place,Detroit,MI,48258,419-08-1035,1994-07-13,1
723,Westleigh,Yvon,wyvonk2@google.co.jp,5 Grasskamp Center,Los Angeles,CA,90081,548-79-7813,1989-12-11,1
725,Tiphanie,Lorriman,tlorrimank4@devhub.com,4 Autumn Leaf Lane,Las Vegas,NV,89145,278-15-7926,1987-03-19,1
727,Serge,Gemson,sgemsonk6@un.org,50 Lien Center,Washington,DC,20425,509-11-5049,1998-02-19,1
729,Meade,Gunson,mgunsonk8@latimes.com,23 7th Plaza,Albuquerque,NM,87201,114-29-9828,1998-02-07,1
731,Guillema,Emig,gemigka@cbc.ca,9 Tennyson Hill,El Paso,TX,79940,190-56-8398,2000-05-13,1
733,Tiffani,Lehrer,tlehrerkc@w3.org,3 Blue Bill Park Center,Indianapolis,IN,46207,850-17-3211,1991-06-21,1
735,Darcey,Arrol,darrolke@wikimedia.org,73007 Little Fleur Terrace,Cleveland,OH,44191,844-08-0312,1983-06-06,1
737,Ferdinande,Village,fvillagekg@feedburner.com,43 Garrison Parkway,Shawnee Mission,KS,66210,630-98-7218,1988-06-13,1
739,Konrad,Paske,kpaskeki@prweb.com,9386 Mandrake Parkway,Tacoma,WA,98481,449-05-0422,1980-07-07,1
741,Andie,Eggleton,aeggletonkk@nyu.edu,0820 Magdeline Plaza,Boulder,CO,80310,687-51-6964,1984-04-23,1
743,Edmund,Waldron,ewaldronkm@cyberchimps.com,82792 Judy Trail,Jamaica,NY,11480,535-49-5718,1991-11-04,1
745,Hershel,Ridolfi,hridolfiko@indiatimes.com,82106 Delaware Place,Bakersfield,CA,93386,113-05-7283,1985-09-16,1
747,Shirlene,Crandon,scrandonkq@netlog.com,02415 Farwell Terrace,Bellevue,WA,98008,535-94-5986,1993-08-12,1
749,Susanna,McGray,smcgrayks@dion.ne.jp,6 Muir Court,Inglewood,CA,90398,608-10-4797,1987-09-27,1
751,Kandy,Ragot,kragotku@nifty.com,21493 Vidon Alley,Hialeah,FL,33013,383-77-8457,1987-12-20,1
753,Zollie,Scott,zscottkw@patch.com,32308 Northport Pass,Englewood,CO,80150,536-12-2304,1983-07-24,1
755,Antone,Thomkins,athomkinsky@examiner.com,64199 Logan Junction,Cedar Rapids,IA,52410,709-83-2340,1985-06-15,1
757,Warner,Jakoubec,wjakoubecl0@friendfeed.com,31742 Havey Hill,Boston,MA,02298,652-64-3320,1994-03-09,1
759,Garald,Brose,gbrosel2@plala.or.jp,9 Crowley Point,Charlotte,NC,28225,385-84-0122,1990-12-14,1
761,Magdalen,Benesevich,mbenesevichl4@home.pl,23 Hermina Point,Duluth,GA,30195,241-60-9682,1985-09-20,1
763,Emelyne,Sarfass,esarfassl6@japanpost.jp,1049 Iowa Court,North Little Rock,AR,72199,284-42-1316,1989-05-01,1
765,Dene,Parlour,dparlourl8@geocities.com,58065 Oxford Alley,Houston,TX,77085,198-50-2173,1982-03-04,1
767,Germaine,Biagi,gbiagila@about.me,24680 Hagan Park,Valdosta,GA,31605,240-38-0298,1997-03-06,1
769,Carlotta,Gulliman,cgullimanlc@acquirethisname.com,42369 Holmberg Alley,Cincinnati,OH,45296,458-03-4302,1988-06-30,1
771,Amalia,Hunton,ahuntonle@live.com,7411 North Lane,Garden Grove,CA,92844,281-81-1195,1996-06-12,1
773,Caryl,Chatburn,cchatburnlg@bandcamp.com,649 Melby Alley,Van Nuys,CA,91499,729-21-3151,1991-07-16,1
775,Edi,Armer,earmerli@twitter.com,40636 Eliot Crossing,Glendale,CA,91205,750-93-4406,1990-07-23,1
777,Odelia,Georgeson,ogeorgesonlk@addtoany.com,5094 Nobel Center,Hagerstown,MD,21747,323-33-5350,1990-08-24,1
779,Decca,Pinnington,dpinningtonlm@devhub.com,841 Brickson Park Hill,Tucson,AZ,85743,521-15-6192,1983-05-27,1
781,Shalom,Guyot,sguyotlo@wp.com,4690 Dryden Trail,Miami,FL,33175,879-08-7439,1982-05-06,1
783,Benson,Luto,blutolq@apple.com,6683 Hauk Junction,Houston,TX,77245,818-57-0653,1982-06-28,1
785,Elijah,Archell,earchellls@facebook.com,45 Lillian Lane,Naperville,IL,60567,848-95-4508,1983-12-16,1
787,James,Cattlemull,jcattlemulllu@tripadvisor.com,2 Barnett Lane,Nashville,TN,37215,260-64-3149,1982-03-17,1
789,Lannie,Petett,lpetettlw@sbwire.com,78239 Boyd Road,Milwaukee,WI,53277,810-93-6944,1986-04-11,1
791,Tate,Kinig,tkinigly@weebly.com,26 Debra Crossing,New York City,NY,10125,841-90-3355,1984-03-21,1
793,Merrily,MacNeachtain,mmacneachtainm0@barnesandnoble.com,841 Buhler Court,Jackson,MS,39204,474-95-4691,1986-08-01,1
795,Jillie,Banbridge,jbanbridgem2@networksolutions.com,6153 Eastwood Alley,Austin,TX,78710,282-11-7455,1999-10-12,1
797,Sly,Vayro,svayrom4@skype.com,7753 Bluestem Drive,Richmond,VA,23228,325-22-5353,1989-03-25,1
799,Luigi,Joscelin,ljoscelinm6@over-blog.com,479 Havey Lane,Albany,NY,12210,236-99-7800,1982-01-08,1
801,Alicea,Lunck,alunckm8@wordpress.com,2 Morning Street,Detroit,MI,48224,582-12-3824,1993-11-20,1
803,Andra,Colgan,acolganma@statcounter.com,01846 Pawling Circle,El Paso,TX,79955,174-18-5827,1985-12-18,1
805,Anderea,Cammocke,acammockemc@gnu.org,46 Oxford Park,Shawnee Mission,KS,66225,712-29-4770,1996-08-02,1
807,Shanda,Wickham,swickhamme@delicious.com,507 Corben Street,Washington,DC,20414,852-30-0457,1995-11-01,1
809,Odilia,Robertsson,orobertssonmg@liveinternet.ru,7 Hollow Ridge Road,Wichita,KS,67230,633-99-0238,1995-04-14,1
811,Karola,Grzeszczak,kgrzeszczakmi@tiny.cc,0 Hallows Alley,Springfield,IL,62756,651-70-3101,1990-10-16,1
813,Dean,Thom,dthommk@oaic.gov.au,9 Merry Center,Charleston,SC,29416,454-20-6188,1989-11-05,1
815,Rubia,Zanioletti,rzaniolettimm@noaa.gov,00 Lukken Circle,Chattanooga,TN,37410,687-16-6867,1990-02-27,1
817,Wally,Smitheram,wsmitherammo@alibaba.com,489 Clove Parkway,Topeka,KS,66699,283-29-9469,1984-02-13,1
819,Brucie,Wildber,bwildbermq@prweb.com,04 Gale Park,Gadsden,AL,35905,391-85-4999,1990-04-16,1
821,Gill,Finnie,gfinniems@bluehost.com,391 Marquette Point,Clearwater,FL,34620,289-89-7000,1995-03-02,1
823,Velvet,Qualtrough,vqualtroughmu@twitter.com,881 Waywood Hill,Salt Lake City,UT,84170,536-53-0101,1995-05-05,1
825,Olly,Glasheen,oglasheenmw@xrea.com,30814 Lighthouse Bay Avenue,San Francisco,CA,94164,530-92-2923,1983-06-27,1
827,Kaylyn,McEvoy,kmcevoymy@dailymotion.com,4431 Debra Place,Ogden,UT,84403,611-53-0058,1994-04-05,1
829,Ulrikaumeko,Childe,uchilden0@ihg.com,64521 Del Sol Street,Memphis,TN,38131,415-67-6370,1996-08-29,1
831,Desi,Fetters,dfettersn2@privacy.gov.au,7455 Almo Terrace,Chicago,IL,60614,416-73-1012,1999-04-26,1
833,Megen,MacFaul,mmacfauln4@mail.ru,85 Elmside Junction,Albuquerque,NM,87140,642-10-2832,1987-05-20,1
835,Caye,Mabbutt,cmabbuttn6@flickr.com,4105 Garrison Terrace,Waltham,MA,02453,408-34-2147,1986-12-14,1
837,Carny,Patnelli,cpatnellin8@posterous.com,48713 Montana Alley,Marietta,GA,30066,468-68-3272,1982-08-25,1
839,Sheilah,Moan,smoanna@nyu.edu,63 Boyd Street,Beaverton,OR,97075,137-17-2613,1983-02-10,1
841,Yoshiko,Agneau,yagneaunc@shinystat.com,89469 High Crossing Park,Des Moines,IA,50369,724-65-9726,1986-07-13,1
843,Minnie,Fitchet,mfitchetne@theguardian.com,00 Gulseth Alley,Fresno,CA,93778,868-21-7721,1996-11-07,1
845,Norrie,Harbron,nharbronng@digg.com,25 Marquette Trail,Cincinnati,OH,45296,647-53-2836,1986-09-22,1
847,Rocky,Rigby,rrigbyni@wp.com,81 Butternut Road,El Paso,TX,88541,599-70-5599,1985-12-14,1
849,Nissy,Turone,nturonenk@tinyurl.com,63 Messerschmidt Road,Torrance,CA,90505,444-96-5530,1987-03-17,1
851,Kimberlyn,St Leger,kstlegernm@mail.ru,3 Derek Trail,Colorado Springs,CO,80951,852-42-8591,1988-01-24,1
853,Rory,Jeannet,rjeannetno@theglobeandmail.com,9177 Grasskamp Alley,El Paso,TX,79989,297-53-2539,1983-06-01,1
855,Maude,Jagoe,mjagoenq@reddit.com,011 Schmedeman Junction,Pittsburgh,PA,15225,273-52-8670,1986-01-12,1
857,Allyn,Josefsson,ajosefssonns@bluehost.com,9517 Lindbergh Plaza,Fairfield,CT,06825,200-28-5676,1996-01-27,1
859,Verney,Pentland,vpentlandnu@tuttocitta.it,013 Village Circle,Duluth,MN,55811,688-19-3968,1992-02-18,1
861,Nicolea,Perren,nperrennw@twitter.com,82 Briar Crest Junction,Dayton,OH,45470,794-29-2171,1994-10-28,1
863,Kane,Dolan,kdolanny@sina.com.cn,70 Knutson Park,Bakersfield,CA,93311,377-32-1046,1992-01-09,1
865,Darren,Bewlay,dbewlayo0@guardian.co.uk,4 Pennsylvania Park,New York City,NY,10004,289-17-8866,2000-03-13,1
867,Nelia,Sent,nsento2@globo.com,8094 Kinsman Center,Harrisburg,PA,17110,560-46-6877,1983-01-06,1
869,Kassey,Peizer,kpeizero4@canalblog.com,82011 Blackbird Center,Melbourne,FL,32941,625-67-8944,1996-10-31,1
871,Carolina,Willan,cwillano6@xrea.com,7 Old Gate Trail,Oklahoma City,OK,73173,421-76-5376,1997-01-22,1
873,Tris,Clynman,tclynmano8@hibu.com,649 Portage Way,San Antonio,TX,78250,808-47-9732,1990-07-06,1
875,Geno,Perazzo,gperazzooa@sina.com.cn,0 Thackeray Plaza,Austin,TX,78764,449-76-5912,1981-04-02,1
877,Orsa,McKillop,omckillopoc@hugedomains.com,598 Lakeland Way,Van Nuys,CA,91411,153-65-2005,1984-10-14,1
879,Mommy,Josephsen,mjosephsenoe@bluehost.com,03724 Maple Avenue,Washington,DC,20546,792-64-6858,1996-02-05,1
881,Nathanil,Joskowicz,njoskowiczog@simplemachines.org,05595 Orin Center,San Antonio,TX,78260,893-51-6799,1993-03-25,1
883,Ellyn,Greeves,egreevesoi@loc.gov,25 Ridge Oak Point,Indianapolis,IN,46202,483-92-3947,1997-09-22,1
885,Fransisco,Gaskoin,fgaskoinok@house.gov,682 Jenna Street,Amarillo,TX,79188,317-15-6770,1988-10-21,1
887,Lance,De Giorgi,ldegiorgiom@tripadvisor.com,079 John Wall Alley,Houston,TX,77010,201-66-1868,1985-04-01,1
889,Aubrie,Gittus,agittusoo@rakuten.co.jp,6456 Glacier Hill Lane,Fort Lauderdale,FL,33330,190-60-1426,1999-01-30,1
891,Arlin,Basillon,abasillonoq@delicious.com,88327 Eliot Road,Charleston,WV,25362,126-38-4190,2000-02-05,1
893,Lazaro,Audsley,laudsleyos@utexas.edu,667 Scott Road,Colorado Springs,CO,80905,335-62-3958,1989-09-21,1
895,Carter,Le feuvre,clefeuvreou@creativecommons.org,04 Aberg Drive,Oakland,CA,94605,476-79-1748,1995-01-13,1
897,Cam,Broke,cbrokeow@amazon.de,71 Namekagon Junction,Toledo,OH,43699,533-96-8104,1990-03-31,1
899,Danny,Gheorghe,dgheorgheoy@dot.gov,19 North Crossing,Saint Paul,MN,55123,786-97-9325,1997-03-23,1
901,Orelee,Varren,ovarrenp0@last.fm,38 Roxbury Terrace,Wilmington,DE,19897,650-72-3450,1993-09-15,1
903,Nara,Readman,nreadmanp2@e-recht24.de,30621 Mccormick Terrace,Durham,NC,27705,243-64-4683,1998-04-01,1
905,Kelli,Cruise,kcruisep4@csmonitor.com,59731 Wayridge Center,Gainesville,FL,32605,277-49-7677,1981-08-22,1
907,Devinne,Hanlon,dhanlonp6@ihg.com,7 Everett Lane,Seattle,WA,98121,744-66-9766,1984-05-22,1
909,Nettle,Walton,nwaltonp8@jalbum.net,4044 Kensington Point,Lansing,MI,48901,659-59-9947,1990-02-28,1
911,Matilde,Compston,mcompstonpa@linkedin.com,01479 American Ash Point,Seattle,WA,98166,612-49-3290,1987-08-29,1
913,Brigit,Wenham,bwenhampc@discovery.com,550 Norway Maple Park,San Diego,CA,92137,421-69-7239,1992-03-01,1
915,Babara,MacKegg,bmackeggpe@state.tx.us,45 Beilfuss Lane,Palatine,IL,60078,793-03-1539,1994-03-23,1
917,Misty,Goodbarr,mgoodbarrpg@house.gov,1033 American Ash Drive,Tucson,AZ,85705,172-48-8654,1985-05-29,1
919,Lizzy,Sebire,lsebirepi@freewebs.com,384 Hermina Terrace,Birmingham,AL,35263,649-65-3116,1997-12-25,1
921,Melosa,McFetrich,mmcfetrichpk@cnet.com,4 Prairie Rose Street,Fredericksburg,VA,22405,560-69-0360,1989-07-17,1
923,Rollin,Crosi,rcrosipm@ustream.tv,415 Summerview Center,Omaha,NE,68117,239-40-3645,1997-10-14,1
925,Tait,Hume,thumepo@lulu.com,287 Fisk Crossing,Hialeah,FL,33013,358-16-5520,1983-01-10,1
927,Remus,Brundale,rbrundalepq@abc.net.au,25929 Mandrake Plaza,Birmingham,AL,35254,643-51-9321,1986-11-07,1
929,Cyrille,Domenge,cdomengeps@bigcartel.com,0767 Rigney Terrace,Austin,TX,78721,831-61-5620,1995-03-07,1
931,Dode,Buckberry,dbuckberrypu@ocn.ne.jp,8 Dahle Trail,Louisville,KY,40250,224-55-0189,1986-10-13,1
933,Ferdinand,Audiss,faudisspw@pinterest.com,6403 Johnson Plaza,Chicago,IL,60674,206-33-6289,1997-03-23,1
935,Jillana,Lujan,jlujanpy@ehow.com,66 Waywood Place,Lake Worth,FL,33467,155-75-9094,1984-12-28,1
937,Bibbie,Pickvance,bpickvanceq0@disqus.com,48731 1st Junction,Washington,DC,20005,699-91-7622,1995-06-28,1
939,Minda,Grimbleby,mgrimblebyq2@live.com,260 Schmedeman Circle,Littleton,CO,80161,768-93-0505,1988-03-18,1
941,Kelbee,Woodyeare,kwoodyeareq4@opensource.org,2201 Upham Avenue,Metairie,LA,70033,254-91-5955,1984-03-25,1
943,Clerkclaude,Klimmek,cklimmekq6@bigcartel.com,042 Tony Way,San Jose,CA,95138,536-63-7553,1995-09-11,1
945,Tildie,Dockreay,tdockreayq8@techcrunch.com,4 Talisman Trail,Knoxville,TN,37995,894-22-1012,1998-02-08,1
947,Serena,Boddie,sboddieqa@jalbum.net,65373 Scoville Drive,Bellevue,WA,98008,496-42-1993,1987-11-13,1
949,Niall,Kaesmakers,nkaesmakersqc@bbb.org,41 Crest Line Alley,South Bend,IN,46620,306-23-8472,1988-08-04,1
951,Biddie,Deabill,bdeabillqe@boston.com,1459 Transport Pass,London,KY,40745,683-71-7719,1992-01-18,1
953,Lelia,Gribbins,lgribbinsqg@sohu.com,03705 Emmet Court,Kansas City,MO,64114,712-21-9475,1997-12-03,1
955,Gwyneth,Stapleton,gstapletonqi@google.fr,18968 Fulton Lane,Huntington,WV,25716,636-24-4482,1987-02-21,1
957,Vassili,Stevani,vstevaniqk@seesaa.net,9 Grim Lane,Englewood,CO,80150,448-63-3551,1985-04-20,1
959,Igor,Cottill,icottillqm@washingtonpost.com,7 1st Park,Miami,FL,33142,843-66-5602,1994-04-03,1
961,Eli,McFall,emcfallqo@github.io,157 Dapin Parkway,Lima,OH,45807,792-87-6926,1980-11-13,1
963,Stace,Inns,sinnsqq@wunderground.com,2508 Novick Hill,Phoenix,AZ,85005,791-73-8442,1983-11-05,1
965,Shina,Di Bartolommeo,sdibartolommeoqs@google.it,50 Acker Avenue,Pasadena,CA,91117,451-15-4070,1988-02-07,1
967,Breena,Caslake,bcaslakequ@thetimes.co.uk,976 Coolidge Junction,Washington,DC,20310,710-13-4039,1986-02-20,1
969,Hale,Nares,hnaresqw@apache.org,7 Quincy Crossing,Wichita,KS,67215,148-63-8552,1988-11-18,1
971,Dex,Buckeridge,dbuckeridgeqy@topsy.com,93505 Eastlawn Avenue,Bronx,NY,10464,539-29-7311,1987-12-04,1
973,Stormy,Kayley,skayleyr0@comsenz.com,1 Corben Trail,Rockville,MD,20851,158-86-7043,1994-11-02,1
975,Aldon,Dipple,adippler2@mac.com,63201 Red Cloud Pass,Fort Lauderdale,FL,33315,104-26-7365,2000-04-20,1
977,Martynne,Barry,mbarryr4@cocolog-nifty.com,1250 Nobel Court,Philadelphia,PA,19120,705-06-7419,1980-08-13,1
979,Paulina,Liffey,pliffeyr6@pen.io,3261 Straubel Hill,Norwalk,CT,06859,165-85-6658,1992-10-15,1
981,Genevieve,Storrier,gstorrierr8@unesco.org,7 Fair Oaks Terrace,Las Vegas,NV,89115,233-48-2830,1981-07-21,1
983,Milena,Sainsbury,msainsburyra@ucsd.edu,405 Logan Lane,Fort Worth,TX,76178,597-02-9764,1982-12-31,1
985,Gabby,Worsnop,gworsnoprc@cbsnews.com,760 Paget Center,Reno,NV,89519,656-10-7749,1995-07-27,1
987,Edgar,Constantine,econstantinere@weather.com,168 1st Circle,Santa Barbara,CA,93150,791-33-8942,1992-04-23,1
989,Whit,Attenburrow,wattenburrowrg@yolasite.com,4528 Blackbird Crossing,Falls Church,VA,22047,547-42-9681,1989-09-11,1
991,Becka,Tongs,btongsri@mozilla.com,1967 Luster Terrace,Las Vegas,NV,89140,432-47-7117,1984-04-18,1
993,Betteann,Coniff,bconiffrk@scientificamerican.com,48408 Bluejay Center,Denver,CO,80209,837-53-8028,1992-11-02,1
995,Sallyann,Frandsen,sfrandsenrm@marriott.com,2 Village Alley,Milwaukee,WI,53205,141-63-6812,1991-06-25,1
997,Leighton,Drinkhall,ldrinkhallro@goodreads.com,38 Saint Paul Road,New Orleans,LA,70129,477-52-3807,1991-11-09,1
999,Lonnard,Schutt,lschuttrq@geocities.com,74191 Sheridan Road,El Paso,TX,88530,508-23-5684,1993-08-10,1
